# WaveFront *.obj file (generated by CINEMA 4D)

v 2.75521039962769 10.30820083618164 0.14943724870682
v 3.29780173301697 10.35809421539307 0.75890511274338
v 9.72935295104980 3.40667200088501 3.84517097473145
v 0.86000561714172 -0.93868196010590 7.62486076354980
v 0.20891794562340 -1.56394529342651 7.44943284988403
v 1.42737913131714 -2.05167937278748 6.81717634201050
v -6.52406835556030 -3.28459239006042 6.70884227752686
v -4.51238918304443 -2.79954719543457 7.61852598190308
v 4.94137716293335 -0.61197113990784 2.55519580841064
v -3.46039581298828 5.43404817581177 7.79401445388794
v -1.18080043792725 10.57137203216553 0.03706882521510
v -5.36076879501343 -2.38075256347656 7.54344224929810
v -9.63813972473145 -0.58041566610336 4.63319158554077
v -5.51714992523193 7.63637924194336 5.76825904846191
v -9.08645915985107 -0.96587753295898 5.59561538696289
v -8.52178001403809 -0.68674004077911 5.61285924911499
v -7.47626018524170 1.40713071823120 8.07921886444092
v -7.81505060195923 0.44978830218315 7.75827884674072
v -7.85331249237061 -0.63727873563766 6.98658275604248
v -6.68577194213867 -0.49003255367279 8.09114646911621
v 3.35055279731750 -2.14944481849670 4.35370779037476
v 8.76443576812744 3.00848031044006 4.70687913894653
v -7.78117847442627 8.15357685089111 1.82557559013367
v -8.05815315246582 7.34681177139282 2.87113571166992
v -7.48900365829468 7.91184759140015 2.84281563758850
v 4.31423282623291 7.96633863449097 -0.04174755141139
v -6.17069149017334 4.27464818954468 8.36672687530518
v -4.24486684799194 3.50217270851135 8.25427436828613
v -4.40205049514771 4.65509748458862 8.23458194732666
v 1.09101986885071 10.56697654724121 0.65430164337158
v -4.50200462341309 6.56080913543701 7.14386653900146
v -7.97028636932373 -1.60138595104218 6.57391500473022
v 1.53442203998566 10.05063533782959 2.46703362464905
v -4.53705072402954 7.45718145370483 5.93857479095459
v -10.31158542633057 2.04709553718567 4.53317165374756
v -8.28127574920654 2.21520996093750 7.45109128952026
v 2.71403741836548 10.30709362030029 1.31264519691467
v 7.98424243927002 7.25460577011108 0.06376774609089
v 9.22385978698730 4.40078496932983 3.70294713973999
v 6.08523893356323 8.32043266296387 0.03051628544927
v 7.85598802566528 4.56454086303711 -0.04104046151042
v 6.54128170013428 8.98928833007812 0.60258024930954
v -5.07885408401489 5.29241847991943 7.30467844009399
v -10.42638587951660 -1.12310504913330 -0.01706039719284
v -2.00821948051453 9.92593479156494 1.17743039131165
v -6.68451261520386 -2.18020343780518 7.51791858673096
v 8.47507381439209 3.43793654441834 -0.02464793249965
v 5.16261863708496 8.16867923736572 4.19056844711304
v 7.53190994262695 4.48471355438232 5.35756778717041
v -1.29861533641815 10.55739784240723 0.98307824134827
v -2.82717156410217 6.19351243972778 7.03999423980713
v -7.46514225006104 3.72185111045837 7.59567928314209
v -4.59774780273438 3.09458756446838 7.80740642547607
v -4.92696809768677 2.59559416770935 8.37909793853760
v -1.63804817199707 5.56443643569946 7.47057771682739
v -8.39894580841064 0.59309321641922 6.36291885375977
v 5.43682432174683 7.13000631332397 4.74550819396973
v 4.78381824493408 5.97233772277832 5.74237251281738
v 6.01859569549561 5.97357320785522 5.46197986602783
v -0.76506263017654 2.75409340858459 7.16497325897217
v 8.21691989898682 3.96691393852234 4.35122346878052
v -0.34426832199097 10.23967170715332 0.11355677247047
v -1.94577813148499 2.72563195228577 7.01318550109863
v 8.86994743347168 4.10436534881592 4.22649526596069
v -7.61519575119019 6.82760953903198 3.78159976005554
v -4.69863080978394 1.97281515598297 6.99835443496704
v -3.95187807083130 -3.23032784461975 5.56656169891357
v -5.97389602661133 -3.23947858810425 5.53604602813721
v 4.63164758682251 4.68920755386353 6.32054424285889
v -3.62816786766052 -2.90311694145203 5.05707740783691
v 4.12324094772339 -1.91880106925964 5.42800760269165
v -1.03627681732178 -2.84310007095337 6.03421306610107
v 3.41661047935486 -1.38459849357605 6.20169591903687
v 2.64907550811768 -2.11894392967224 6.00574827194214
v 2.03668832778931 4.99734592437744 7.10791301727295
v 1.12677896022797 5.26873970031738 7.02744102478027
v -0.13451677560806 3.57491254806519 8.12149333953857
v -10.11890983581543 4.20778465270996 2.66211986541748
v -10.12771797180176 -1.17356348037720 3.34689950942993
v -9.77339553833008 -1.85046780109406 2.88583540916443
v -9.43360042572021 -2.07095670700073 4.15448713302612
v 0.95616525411606 3.90811371803284 7.65970897674561
v -10.79856395721436 -0.29047968983650 0.55347979068756
v -11.19885826110840 1.14602959156036 1.46160399913788
v -7.50869560241699 -3.53658962249756 0.05161616206169
v -5.38000583648682 9.68091583251953 0.07432900369167
v -10.80520439147949 0.84347850084305 0.31957584619522
v 1.88201868534088 0.70218455791473 2.40981650352478
v 4.65381622314453 4.89781427383423 5.62688446044922
v 5.33871889114380 1.18371605873108 5.33263158798218
v 1.34586489200592 8.89587593078613 3.42474150657654
v 2.12391614913940 3.43189668655396 6.79618883132935
v 4.88943719863892 1.28242266178131 5.87025594711304
v 2.97728967666626 3.46689653396606 7.08216047286987
v 2.73748159408569 2.64107894897461 6.53263235092163
v 10.26526832580566 3.27459859848022 1.55194687843323
v -6.74211835861206 -3.36913704872131 0.00000153720930
v -7.42752742767334 2.27085113525391 7.38177919387817
v 3.91592216491699 2.99559640884399 6.79030847549438
v -0.62516975402832 -2.77893328666687 5.20362091064453
v -6.70864534378052 -3.55897212028503 0.00000152819882
v -3.60591125488281 2.03338027000427 6.05778217315674
v -8.79724979400635 -2.58050894737244 4.48163080215454
v -11.15633010864258 3.07087731361389 0.80969202518463
v 9.65341472625732 2.70187401771545 3.93446302413940
v -10.77573585510254 0.21887445449829 1.94885182380676
v 0.13259454071522 -2.48010087013245 4.60610485076904
v 2.04298806190491 -3.26906657218933 3.97041630744934
v -10.79130172729492 -1.28759908676147 0.71772366762161
v -9.79449462890625 3.58439970016479 4.25133991241455
v -9.33379459381104 4.22909784317017 5.32305955886841
v 4.21063709259033 -0.19900894165039 2.34584403038025
v -10.78932189941406 1.93509244918823 1.72362399101257
v 1.65384018421173 -3.19420409202576 3.53648424148560
v -4.05634403228760 10.05544090270996 0.06136894971132
v 4.64972877502441 0.69548767805099 3.96500396728516
v -6.35858869552612 4.75024557113647 8.11301136016846
v 2.08816456794739 -2.13356304168701 5.44207239151001
v -7.06354141235352 -2.17720317840576 6.24663829803467
v 4.90848875045776 9.75408840179443 0.41052070260048
v -7.07446718215942 -2.63429236412048 4.15245866775513
v -7.83970022201538 -3.55623340606689 4.95879888534546
v -9.35357189178467 -3.24345779418945 0.09500715881586
v -2.74167704582214 2.51978635787964 6.11353397369385
v -2.49650478363037 -2.25307846069336 7.78606939315796
v -1.82713162899017 -2.01098060607910 3.74113321304321
v -6.60359764099121 -3.53681063652039 0.00000146667037
v -3.44058275222778 7.08621311187744 6.34821844100952
v -4.01207923889160 7.77154159545898 5.51945066452026
v -3.89401125907898 -2.80217933654785 -0.01387878507376
v -4.27024316787720 0.74477493762970 8.87734985351562
v -3.69787478446960 1.49465405941010 9.01333427429199
v -0.23979258537292 2.76608371734619 7.70104932785034
v 5.27591657638550 0.14267748594284 5.39423990249634
v -1.18080043792725 10.57137203216553 0.03122055158019
v 4.90185594558716 -0.66992253065109 4.36209583282471
v 4.46948480606079 0.94296425580978 5.09783983230591
v 4.24665880203247 8.53456878662109 3.70237278938293
v 5.19012165069580 -0.13209070265293 3.20458769798279
v 6.75147438049316 2.03442764282227 5.93157577514648
v -7.64371204376221 -2.88046073913574 6.24145460128784
v -8.22710990905762 0.09628853946924 7.04270696640015
v -9.15519237518311 -1.76462602615356 4.91714715957642
v -8.62049388885498 -2.29681134223938 5.68559074401855
v -4.69320678710938 -0.22453372180462 8.24377441406250
v 5.48857450485229 9.23031806945801 0.85072851181030
v 5.59870624542236 3.18707489967346 6.50107192993164
v 4.83207845687866 2.22865891456604 6.50300407409668
v -8.39479541778564 -2.17680287361145 5.88131093978882
v 4.88336992263794 -1.53898346424103 2.67319178581238
v 6.08523893356323 8.32043266296387 -0.03051562421024
v 0.79905098676682 -2.20335173606873 6.68994045257568
v 2.53435301780701 -0.08393295109272 6.68365240097046
v -10.35437965393066 -1.86294424533844 0.01706480234861
v -2.96017193794250 -2.52577614784241 4.97440958023071
v -5.73162412643433 -2.14821696281433 -0.03259540349245
v -7.07477188110352 8.40209388732910 2.87078738212585
v -6.08559322357178 8.60009193420410 2.64594316482544
v -0.03783371672034 -1.64865207672119 6.86582469940186
v -5.50091791152954 4.98660135269165 8.04007434844971
v -5.03153085708618 8.69731616973877 2.95009493827820
v 4.77779102325439 9.85533046722412 0.92097675800323
v -1.06703042984009 -2.40574026107788 7.40490102767944
v -4.37717437744141 8.38107585906982 4.57838678359985
v 2.75014162063599 -3.04980778694153 4.55346012115479
v 1.61296892166138 -2.80194616317749 5.96778011322021
v 1.04689311981201 -3.19077944755554 5.69858455657959
v -4.85626745223999 9.38108634948730 2.65261507034302
v -1.64109683036804 6.92568349838257 6.07285404205322
v -3.47213363647461 8.15273284912109 5.12748241424561
v -8.74561691284180 5.21731519699097 4.73297166824341
v -2.34837818145752 6.73541498184204 6.61058616638184
v -2.20169997215271 -1.61356663703918 7.57124519348145
v -1.26475763320923 9.96595573425293 3.01161813735962
v -1.02522265911102 8.43320369720459 5.14620208740234
v -0.54170989990234 9.42578887939453 3.66886997222900
v -1.31249046325684 10.40582942962646 1.63042724132538
v -0.42087501287460 -1.21894240379333 8.07062530517578
v -2.02790284156799 -1.32477974891663 8.13655376434326
v 0.20584222674370 9.60990810394287 2.16807770729065
v -0.06011981889606 10.64046192169189 1.02843797206879
v -9.90051364898682 4.06594848632812 2.70701193809509
v -2.26542901992798 7.70119953155518 4.66415023803711
v 0.38704863190651 7.40828323364258 5.72521352767944
v -1.11357188224792 6.35911989212036 5.84186601638794
v -1.61726367473602 8.05700969696045 5.30735015869141
v -11.12118721008301 2.70302724838257 1.54404401779175
v 0.63674777746201 9.44442653656006 3.64400577545166
v -6.12471914291382 5.21849870681763 7.39021492004395
v -10.79599666595459 2.52551507949829 1.74463605880737
v 9.99173736572266 2.51617002487183 2.29949879646301
v 1.05511140823364 6.04558897018433 5.84709739685059
v 9.45641613006592 2.17467641830444 2.31439089775085
v 0.63312560319901 7.22260522842407 5.09151744842529
v 9.79035949707031 2.21283292770386 0.96983885765076
v -6.72936677932739 2.85736775398254 8.18011474609375
v -9.21477699279785 3.55349683761597 6.05936765670776
v -6.19767332077026 7.02042579650879 6.34425926208496
v -5.49009037017822 -0.92836385965347 8.20303440093994
v -6.61713552474976 6.02331829071045 7.20817518234253
v 6.30239725112915 1.48687207698822 2.85568761825562
v -5.11446380615234 6.55955743789673 7.00580692291260
v -4.35192346572876 7.51979970932007 5.42275476455688
v -3.89401125907898 -1.89719080924988 0.01388098113239
v -5.24162721633911 8.74327564239502 3.93222308158875
v -5.20958518981934 8.18237876892090 4.95510292053223
v -7.39866542816162 5.98113775253296 5.70429944992065
v -7.73644924163818 5.42117595672607 5.70061540603638
v -8.53797245025635 4.73875331878662 5.19607543945312
v -0.61013364791870 3.47233223915100 7.82709741592407
v -7.01211929321289 -3.56130862236023 2.40906071662903
v 0.15387362241745 -3.19460082054138 5.53875684738159
v -7.60871934890747 -2.01913905143738 6.57447862625122
v -6.75495290756226 8.27623367309570 3.86965537071228
v -9.55805492401123 6.58830547332764 0.14526389539242
v -8.73813056945801 7.76454544067383 1.13652384281158
v -1.33575725555420 -2.16154599189758 5.43478918075562
v -5.38000583648682 9.68091583251953 0.08661606907845
v -10.07485961914062 -2.01500701904297 -0.03508458286524
v -7.61684942245483 -2.92321801185608 -0.05161293968558
v -11.00928974151611 1.46036040782928 2.39862394332886
v -8.89071941375732 7.82577514648438 0.47665575146675
v -3.89401125907898 -1.89719080924988 -0.01387883070856
v -9.52277088165283 6.58457183837891 0.76089990139008
v -8.21865081787109 -3.56402182579041 1.76667881011963
v -1.61670088768005 0.33435064554214 7.73319721221924
v -8.89421367645264 6.71597146987915 1.99164378643036
v 3.80198836326599 1.43510735034943 5.92027235031128
v 4.80172061920166 -1.81480002403259 3.41600370407104
v 4.58859395980835 -1.76526868343353 4.15444755554199
v 3.59200334548950 -2.63699626922607 4.16617202758789
v -9.70844841003418 4.44704675674438 4.35326766967773
v 3.40222001075745 -2.29886293411255 5.04626417160034
v 3.48545432090759 2.20853996276855 5.76079225540161
v 2.11858677864075 2.50715446472168 6.03324079513550
v -6.44421148300171 -2.62483143806458 6.54102230072021
v 7.42204952239990 6.49121046066284 2.81894373893738
v 3.86496233940125 6.77195596694946 5.36754083633423
v -6.63749694824219 -2.50102090835571 6.66986608505249
v -9.21364498138428 -3.68257379531860 2.90367913246155
v -7.81405019760132 -3.43206048011780 3.80787873268127
v 1.58189761638641 7.24122190475464 5.71496534347534
v -2.33140587806702 0.76528620719910 8.84073734283447
v 4.84058284759521 -0.51854288578033 5.44048786163330
v -8.68901252746582 -3.03657603263855 5.05254268646240
v -10.75239562988281 2.35675835609436 2.85421586036682
v -2.18772649765015 -0.71269392967224 8.44440174102783
v -10.32280635833740 3.54321408271790 0.74843186140060
v 6.28692722320557 4.68584871292114 5.93652009963989
v 4.97817611694336 0.58911556005478 1.99353587627411
v -3.59680533409119 -1.75498855113983 7.30654954910278
v -5.66309833526611 8.97305107116699 3.18882322311401
v 4.98823881149292 9.14754199981689 0.11116861552000
v -6.55163431167603 7.42632389068604 5.38352727890015
v -1.18795061111450 2.93240475654602 7.68802928924561
v -9.84866809844971 4.46932792663574 1.79168796539307
v -1.07572770118713 3.70964384078980 8.29149723052979
v -2.61921596527100 3.77079701423645 8.25075817108154
v -2.93198966979980 4.26168632507324 8.20945358276367
v -2.72283124923706 5.39141321182251 7.88927030563354
v 9.88734436035156 2.83669209480286 0.35843890905380
v 4.54959726333618 2.74297213554382 6.14073610305786
v -10.78107166290283 -0.92476254701614 1.81253170967102
v -10.78437805175781 -0.14491167664528 2.75107574462891
v 2.20467543601990 2.22478580474854 6.08530855178833
v -0.59687811136246 2.59062719345093 6.16124534606934
v -8.92836093902588 -2.34051394462585 3.46055102348328
v -8.79724311828613 2.05573868751526 5.97891950607300
v -3.26690626144409 9.97438240051270 1.99643063545227
v -4.30695915222168 7.50541734695435 4.78691053390503
v 5.67954063415527 8.64547348022461 0.40256440639496
v -1.70602297782898 0.64825689792633 8.52177715301514
v 8.32266521453857 6.98008966445923 2.77829957008362
v 7.01258516311646 8.30634975433350 1.75094401836395
v 7.31448841094971 7.00015830993652 3.74271583557129
v -4.64191913604736 8.28314399719238 4.08735895156860
v 3.97780013084412 8.76997280120850 3.08316087722778
v 4.14346981048584 5.85697793960571 5.06228446960449
v -9.96587276458740 -0.03164734318852 4.35530757904053
v 4.50762271881104 8.16142749786377 3.03166866302490
v 5.21521949768066 8.79409503936768 2.81830859184265
v -9.43823146820068 0.25050958991051 5.75973939895630
v -8.37304973602295 1.70726072788239 7.27509927749634
v 5.76987504959106 1.08835732936859 1.69813168048859
v 8.77342414855957 4.00888633728027 -0.04104073345661
v 7.98424243927002 7.25460577011108 0.06376795470715
v 8.63009071350098 6.20144367218018 3.48321557044983
v 9.61279106140137 4.63335180282593 0.39778712391853
v 8.47507381439209 3.43793654441834 0.02464728616178
v 9.87639522552490 3.96432209014893 1.18942701816559
v 3.15147614479065 6.25835752487183 5.17020082473755
v 2.68764138221741 6.74905252456665 5.64466905593872
v 3.09715628623962 6.21536779403687 6.13588857650757
v 2.30785560607910 -1.93187415599823 6.82761621475220
v 9.38074493408203 6.17802429199219 2.33671140670776
v 2.65961122512817 -1.25199151039124 7.07112026214600
v 8.77342414855957 4.00888633728027 0.04104007408023
v 8.14557647705078 6.10007953643799 2.83641552925110
v -6.73106098175049 4.04971218109131 8.12389469146729
v -6.80028867721558 4.58509254455566 7.25691890716553
v 1.91863739490509 6.03248071670532 6.43044090270996
v -4.13394975662231 2.65026307106018 5.86272239685059
v 10.22594928741455 4.63271570205688 1.96118295192718
v -8.45036411285400 -3.84044170379639 0.88790684938431
v -8.43384742736816 -0.43563604354858 6.54828310012817
v 2.89258360862732 7.76337385177612 4.92396116256714
v 1.91279315948486 4.10921764373779 7.35327672958374
v -6.44897413253784 -2.87122106552124 4.11600255966187
v -6.88008356094360 -3.14397835731506 4.52545452117920
v -6.33592844009399 -2.67601585388184 4.12531423568726
v 0.94635760784149 3.10994052886963 7.82468509674072
v 1.82983684539795 3.07457399368286 7.12102890014648
v -5.81317806243896 -2.86124396324158 4.94360589981079
v -6.92874813079834 -3.71456837654114 5.23236227035522
v -3.74844956398010 2.57121133804321 8.52831840515137
v -1.64900577068329 2.44704937934875 8.75698947906494
v -2.69331693649292 2.83526873588562 7.53333806991577
v -4.14463758468628 2.46956181526184 7.23890638351440
v 6.21147537231445 8.60322093963623 2.52480030059814
v 4.55777454376221 9.44319629669189 1.09417271614075
v 5.11260414123535 9.21352005004883 2.23789262771606
v 5.75724124908447 9.37635421752930 1.55214047431946
v -9.70241069793701 6.13856601715088 0.50550389289856
v -10.32068729400635 0.21256308257580 -0.07966428995132
v 0.80531209707260 5.20363616943359 6.59366512298584
v -0.80704128742218 -2.08686470985413 4.97608900070190
v 0.60755920410156 6.50323295593262 6.35426521301270
v 3.15108799934387 9.85869884490967 1.23415315151215
v 5.97014188766480 -0.06030822917819 0.01331497635692
v -1.86563622951508 10.44163703918457 0.21196885406971
v 0.29537218809128 5.72050237655640 6.97441339492798
v 7.38111591339111 8.45455646514893 1.35971999168396
v -3.76733112335205 -3.05606222152710 6.62518978118896
v -10.61888980865479 1.08853602409363 0.75416779518127
v -10.08000659942627 -0.58030253648758 -0.13800846040249
v -4.84651660919189 -3.45342564582825 6.73421001434326
v -2.38618946075439 -2.94726061820984 7.17282104492188
v 1.01360487937927 -2.65764045715332 6.37982463836670
v -7.28346395492554 4.91057062149048 7.09457111358643
v -8.06871414184570 5.25878381729126 6.29183149337769
v -7.54606485366821 5.61578416824341 7.00497913360596
v 4.12404346466064 0.28579956293106 2.50239610671997
v 1.87014257907867 -2.97730827331543 2.62994432449341
v 4.56080389022827 -1.26192772388458 5.66043567657471
v 3.93986606597900 4.14021253585815 7.07659244537354
v -10.50364875793457 0.33424690365791 -0.07966428995132
v -10.38340377807617 -1.26947093009949 -0.01706043630838
v -8.94873619079590 -0.26705232262611 6.27471923828125
v -3.18792557716370 5.57399225234985 7.14186239242554
v 1.18602752685547 -2.67003154754639 4.00779628753662
v 6.20525789260864 4.11237096786499 6.12001180648804
v -8.44823360443115 6.49384450912476 4.08157539367676
v 8.32155323028564 2.55668258666992 5.23180723190308
v 2.47012186050415 10.06042289733887 2.17947721481323
v -7.46124505996704 -3.10412573814392 5.72833442687988
v 7.14337682723999 1.87267553806305 4.74757146835327
v 8.25063800811768 1.90625095367432 3.75872325897217
v 3.44936060905457 -0.32761359214783 6.85080003738403
v -0.97918617725372 -1.84192049503326 7.20228099822998
v 4.42622470855713 -0.26760318875313 6.22942781448364
v 4.90066576004028 0.51673448085785 6.36414003372192
v 2.12270712852478 2.34246802330017 7.31839275360107
v 0.35891723632812 2.45728540420532 6.84109306335449
v 0.43662178516388 2.13808917999268 7.71997308731079
v -9.53453350067139 -2.92199683189392 3.24264311790466
v -7.53864812850952 6.50385189056396 5.90594720840454
v -11.10740947723389 2.02145051956177 0.87727600336075
v -2.04916071891785 2.53561687469482 7.69435358047485
v -1.17270088195801 -1.86636734008789 7.73658084869385
v -7.50568675994873 -3.25837087631226 2.59645462036133
v 2.33227348327637 10.35044384002686 0.33955335617065
v -8.02687835693359 -3.65070700645447 2.22319483757019
v -6.98958635330200 7.01566743850708 4.82288742065430
v -8.58052539825439 5.44467687606812 5.08472776412964
v -0.08695085346699 1.96416544914246 8.02084922790527
v 5.16354131698608 7.88594150543213 3.08128857612610
v 1.79319763183594 -0.12245042622089 7.09620046615601
v 5.03814792633057 -1.32767248153687 4.58384370803833
v -0.97133010625839 2.54759430885315 7.22047328948975
v 9.72460460662842 5.78296899795532 1.39984714984894
v -10.34222507476807 2.65953946113586 3.88866376876831
v -5.18272638320923 -1.91052389144897 7.47482585906982
v -3.88174223899841 -2.53801941871643 7.50102186203003
v 10.10369110107422 4.65671873092651 1.10150301456451
v 8.87506198883057 7.09696388244629 1.68892753124237
v 8.52939987182617 7.08636331558228 1.02935957908630
v -4.46060466766357 0.30211809277534 8.75499820709229
v 2.33536434173584 0.17828461527824 7.55332851409912
v -4.09477853775024 -1.55380022525787 7.94958162307739
v -0.34426835179329 10.23967170715332 -0.11355403065681
v 2.77939033508301 8.88246726989746 2.95915317535400
v 3.18309068679810 1.10183358192444 7.34070014953613
v 0.70242977142334 0.75390136241913 8.14623641967773
v 0.07192746549845 0.60288137197495 8.46852111816406
v -6.28739738464355 -1.47271668910980 7.98545026779175
v -6.85275030136108 -1.06792747974396 7.39059877395630
v -9.48050117492676 6.08252859115601 2.23487186431885
v -0.51611876487732 0.00155276060104 7.91638898849487
v 0.81734710931778 0.10666362941265 7.31959295272827
v -0.65592181682587 1.98260903358459 6.67672920227051
v -5.89153194427490 -0.30156299471855 8.38791847229004
v -8.68262672424316 3.23369312286377 6.40058755874634
v 3.31266570091248 0.55369865894318 7.02207612991333
v -5.46733283996582 -2.35315346717834 5.10698604583740
v 1.92629206180573 -2.39779019355774 6.20294427871704
v 2.36039137840271 -0.66106098890305 7.25052022933960
v -7.41094875335693 8.64288806915283 0.09149149060249
v -0.04935870319605 4.42202568054199 7.98772954940796
v -6.67444944381714 8.19505596160889 3.31579518318176
v 2.60685420036316 -2.30007481575012 1.78878021240234
v -10.16483497619629 5.51000118255615 0.44087201356888
v -8.07935047149658 6.21807050704956 4.86565542221069
v 2.60137963294983 9.80349254608154 2.67906117439270
v -4.13345098495483 2.16590738296509 6.24769401550293
v -8.76930427551270 1.02709853649139 7.35750341415405
v -3.90832495689392 5.08882141113281 8.14986228942871
v 2.05215430259705 -1.10740602016449 1.40214037895203
v 3.93301796913147 -1.78556430339813 1.77314388751984
v 3.34873819351196 -0.28907230496407 1.84260010719299
v -10.54572677612305 2.06321477890015 0.50292378664017
v -6.96106910705566 3.52078795433044 7.47777891159058
v 4.09060192108154 9.83721065521240 2.03127694129944
v 2.14064884185791 0.29138696193695 1.61878848075867
v -10.25627136230469 0.74579691886902 2.83799171447754
v -2.87883496284485 2.64819598197937 6.36128568649292
v 2.79208111763000 0.52423816919327 0.01347063574940
v 5.74141454696655 -0.04962108656764 -0.01331529673189
v -8.20357894897461 6.38709449768066 3.53467535972595
v -2.25134682655334 3.12313771247864 5.77694559097290
v 4.00171995162964 9.97530174255371 1.43236887454987
v -3.91383457183838 6.98894786834717 5.91389036178589
v 5.16909837722778 0.69063335657120 5.11527585983276
v -2.68543934822083 10.51026153564453 1.20536649227142
v -8.17100334167480 7.15064334869385 2.76805567741394
v -10.54729366302490 1.29175972938538 2.85777974128723
v 3.17954421043396 2.01748061180115 6.92988061904907
v -10.32455444335938 2.23950290679932 3.22793173789978
v -0.06851082295179 10.79688930511475 0.20655795931816
v 5.21169471740723 -0.82579958438873 3.45469164848328
v 8.96688175201416 2.24395585060120 4.00471115112305
v -10.17935371398926 -0.09319687634706 3.68093156814575
v 9.36485862731934 5.19083595275879 3.57730722427368
v 3.72364521026611 5.99372959136963 5.94565248489380
v 3.75721979141235 -0.84889316558838 1.66744804382324
v 9.31246852874756 2.17407941818237 0.39415097236633
v -8.95641899108887 0.92000752687454 6.56697940826416
v 0.60990685224533 2.38700151443481 6.09024095535278
v 2.93654870986938 9.97086334228516 0.00000088519420
v 4.75476598739624 1.02711713314056 6.31231212615967
v -3.13122701644897 6.16531753540039 6.40083837509155
v 2.47181844711304 4.81518602371216 6.91990900039673
v 6.49473237991333 1.52374660968781 5.62551546096802
v -0.37850368022919 2.48901557922363 7.00686120986938
v -7.80558395385742 5.93228769302368 6.27048349380493
v -7.83996582031250 0.41404283046722 6.94413900375366
v -7.50860452651978 5.35116100311279 6.42500734329224
v -8.77129554748535 4.34113645553589 6.46167945861816
v -8.72435092926025 2.15476441383362 6.82655143737793
v -8.64696788787842 -3.61676073074341 1.13424289226532
v -6.14949655532837 8.30924892425537 0.00000207363064
v -8.06432819366455 3.34665155410767 7.37869548797607
v -7.22772169113159 5.17181491851807 7.41919517517090
v -5.38194942474365 5.91410303115845 7.45646667480469
v -2.12696194648743 10.10076332092285 2.05050230026245
v -2.46625399589539 9.09747982025146 2.78952240943909
v 8.74945545196533 5.51669931411743 0.10357213765383
v 2.76774716377258 8.97828483581543 3.46700501441956
v 0.23817391693592 8.81462478637695 4.45828962326050
v 1.22049903869629 7.88486814498901 5.17761754989624
v 0.30946904420853 9.86513042449951 3.00802969932556
v 0.36203497648239 10.41938591003418 0.34105381369591
v -0.35155537724495 9.37226772308350 2.85080599784851
v 3.81376028060913 0.42540398240089 4.90413618087769
v -9.76686477661133 2.11304426193237 5.57203578948975
v -2.68723201751709 8.40525817871094 3.61136627197266
v -1.46584367752075 2.16063213348389 6.78225755691528
v -7.50869560241699 -3.53658962249756 -0.05161291733384
v -2.82986950874329 9.44362545013428 3.09063839912415
v 9.24022483825684 3.65948867797852 4.52357912063599
v 9.60299015045166 1.29075610637665 1.60561084747314
v 8.03875064849854 1.47747337818146 1.97549927234650
v -9.76438045501709 -2.30286026000977 0.38009130954742
v -7.61485719680786 4.44801759719849 7.50890731811523
v -6.70196056365967 1.39785349369049 8.62917900085449
v -7.18161392211914 2.41794419288635 7.91325902938843
v 1.66867220401764 -1.87527871131897 1.75633239746094
v -0.96000015735626 -1.80962169170380 3.57828092575073
v -4.24778556823730 -2.13257002830505 4.73022174835205
v -8.38586521148682 -3.64088177680969 0.24161083996296
v 6.65834569931030 0.54868787527084 1.29227948188782
v -1.62934553623199 2.49759960174561 6.53743362426758
v -10.11784172058105 -1.86864125728607 -0.03508453816175
v -0.21955868601799 8.23986911773682 4.45194196701050
v -0.36774876713753 8.08469867706299 5.44183397293091
v -0.23774567246437 7.22903776168823 6.02601766586304
v 0.07486937940121 8.64766311645508 3.50253772735596
v -4.31391668319702 9.15938091278076 3.63077092170715
v -6.99706697463989 8.80037021636963 1.63621544837952
v 8.35756778717041 3.69535946846008 5.32741117477417
v -5.73162412643433 -2.14821696281433 0.03259804844856
v -6.50281333923340 8.20868778228760 1.98924326896667
v -10.01667213439941 3.21637225151062 0.39683178067207
v -10.11004829406738 3.71809172630310 1.71969985961914
v -10.58747577667236 4.32367134094238 0.49771600961685
v -0.54047518968582 5.96262979507446 6.86731386184692
v -1.12351882457733 4.50242519378662 8.05707740783691
v -2.27048659324646 -2.71813988685608 4.80512523651123
v 9.92451953887939 1.72231352329254 0.99364680051804
v -1.19663727283478 -2.35422706604004 4.50464487075806
v -3.72955918312073 6.49125385284424 6.88853025436401
v -5.73162412643433 -3.42342805862427 -0.03259535878897
v -8.91772079467773 1.74907076358795 6.43631124496460
v 2.79208111763000 0.52423816919327 -0.01347006577998
v -1.18080043792725 10.57137203216553 0.05656290054321
v -5.71884250640869 0.81040132045746 8.87265872955322
v 9.45386505126953 1.81563079357147 2.43147492408752
v -10.46173000335693 2.14175891876221 4.04279184341431
v -4.71520566940308 1.88486456871033 8.71535015106201
v -0.87863326072693 -2.87871479988098 6.63466882705688
v -9.74744796752930 2.67559456825256 4.31090784072876
v -3.60083985328674 9.68939304351807 1.33425867557526
v -2.33065986633301 1.96099746227264 6.92205762863159
v -10.61414337158203 2.75943541526794 0.31315588951111
v -9.86905860900879 -2.64150619506836 1.10919928550720
v -5.89147281646729 7.59302806854248 5.18803501129150
v -9.16452407836914 -3.55682682991028 0.80701506137848
v -9.42035770416260 -3.12804579734802 1.97418320178986
v -10.49659919738770 -2.13548183441162 1.31642746925354
v -10.11153697967529 -2.57235383987427 2.17769145965576
v -10.53104686737061 -1.05700755119324 2.64829564094543
v -5.88782358169556 2.42662024497986 8.53992271423340
v -1.59726643562317 8.77258586883545 4.37017393112183
v -2.02410578727722 9.33092403411865 3.55272221565247
v -4.41318273544312 9.82662010192871 0.46676689386368
v -2.60190916061401 9.20029735565186 1.61988246440887
v -7.72755861282349 7.43284988403320 3.61235165596008
v -6.13173294067383 8.11010742187500 4.80991506576538
v 6.19950485229492 6.77709674835205 3.83252406120300
v 0.58554649353027 2.36635375022888 7.24534893035889
v 6.08523893356323 8.32043266296387 0.03051645494998
v 5.66041040420532 8.19076347351074 3.76534843444824
v 6.80112695693970 6.66715478897095 4.65916776657104
v -5.84638643264770 9.27261829376221 2.00480723381042
v -4.44746446609497 9.71932983398438 1.83795893192291
v -4.77040386199951 10.13069725036621 0.79335898160934
v -8.28691196441650 8.31805992126465 0.97232776880264
v -7.08467245101929 9.23608970642090 0.73772746324539
v 1.09400725364685 2.54402208328247 6.88813304901123
v -6.29589319229126 -2.91212439537048 5.83484649658203
v -7.28184318542480 8.78535938262939 0.38640347123146
v -6.16416788101196 -3.62735962867737 6.16758203506470
v -10.60925769805908 1.62237083911896 0.26587584614754
v -8.72471714019775 -3.69343042373657 0.30163496732712
v -0.22505308687687 1.34537541866302 8.42408561706543
v -5.38000583648682 9.68091583251953 0.10421486943960
v 4.35725688934326 1.34984266757965 5.94982814788818
v -3.29660320281982 8.87064456939697 3.86657047271729
v 4.17508649826050 0.14634853601456 1.80812394618988
v 8.41353893280029 7.43868875503540 0.77668768167496
v 8.26153278350830 6.27355241775513 0.15749959647655
v -6.19756460189819 9.51837062835693 0.76494330167770
v -0.19630174338818 2.05836415290833 7.15034532546997
v -10.80055141448975 3.65883803367615 0.65304398536682
v 2.79208111763000 0.52423816919327 -0.01347003504634
v -2.88544702529907 3.13543391227722 7.88877773284912
v 2.90861749649048 8.80263042449951 3.94543313980103
v 3.95935821533203 7.84475803375244 4.77316856384277
v -2.57304120063782 3.23243641853333 7.20444202423096
v 2.32116246223450 2.53964495658875 6.57114076614380
v -2.02547025680542 1.61187291145325 8.94196987152100
v -2.87395858764648 2.14440894126892 8.87763786315918
v -10.50364875793457 0.33424687385559 0.07966889441013
v -10.08000659942627 -0.58030253648758 0.13801284134388
v 4.21122360229492 8.84768676757812 3.60859274864197
v 5.74141454696655 -0.04962109029293 0.01331498287618
v 8.39020061492920 1.62350237369537 2.52917909622192
v 6.48264122009277 1.79631602764130 4.72161579132080
v -0.63707733154297 10.04915523529053 2.59991002082825
v 4.10407257080078 -2.34649085998535 2.83904385566711
v 6.39164686203003 1.91860914230347 3.12111568450928
v 2.81911730766296 -3.07908678054810 2.80403995513916
v 3.47986006736755 9.75190830230713 0.00000079373041
v 3.30260539054871 -2.05547094345093 2.36888408660889
v 5.88014268875122 1.19738495349884 5.02780771255493
v 0.75004804134369 -2.82395291328430 3.17698860168457
v 8.72131443023682 1.23985934257507 1.58426308631897
v 6.76507616043091 1.50802898406982 2.30666351318359
v 8.58538341522217 0.55983686447144 0.94257497787476
v 9.23979091644287 0.87325447797775 0.41373488306999
v 1.65194869041443 -2.57811641693115 2.37344431877136
v 4.58097600936890 0.60256528854370 3.16977596282959
v -9.43755340576172 3.03119730949402 5.26284360885620
v 9.40689182281494 1.85750234127045 0.18919092416763
v -4.18384838104248 2.67051386833191 6.83651018142700
v -3.60743308067322 2.54938316345215 6.99377012252808
v -3.35302591323853 3.79973983764648 8.42538166046143
v -6.94227409362793 9.04101371765137 0.06277541071177
v -2.86296010017395 0.18364235758781 8.29012966156006
v -3.60864758491516 0.21623019874096 7.91257381439209
v 1.60484433174133 7.65701532363892 5.03246545791626
v 9.79409217834473 3.96283531188965 3.39247107505798
v -6.02795076370239 -3.60951805114746 2.68352365493774
v -9.73232173919678 5.09855556488037 2.78809571266174
v -8.72972965240479 5.19104290008545 3.36005163192749
v -7.70535659790039 -3.39937639236450 3.18765854835510
v 7.51517868041992 6.33211040496826 4.31205558776855
v 7.10905265808105 5.24837923049927 5.31878376007080
v -2.27976632118225 -2.27126622200012 5.34207725524902
v 8.53847980499268 4.97926807403564 4.69611549377441
v 8.89355850219727 4.59442281723022 2.07016730308533
v 7.61327028274536 3.04124402999878 5.72839164733887
v -4.05634403228760 10.05544090270996 -0.06136507913470
v 6.51831388473511 3.71040964126587 5.96138381958008
v 6.89018964767456 2.62449979782104 5.56197547912598
v 8.39658451080322 5.15689325332642 2.72409534454346
v -2.51214456558228 10.56728458404541 0.27288252115250
v -6.98402738571167 1.58368027210236 7.93757104873657
v -5.30686187744141 -0.10698395222425 8.05764198303223
v -4.05634403228760 10.05544090270996 -0.06136517599225
v -2.38785600662231 -3.03207039833069 6.29608917236328
v -2.66325664520264 -2.86902403831482 5.43553352355957
v -6.32604265213013 0.67524898052216 8.49241447448730
v -1.39181113243103 -0.38227689266205 8.29612922668457
v -0.28707063198090 -2.65405368804932 4.12286472320557
v 8.74945545196533 5.51669931411743 -0.10357259213924
v -10.07485961914062 -2.01500701904297 0.03508878126740
v 0.33993443846703 -0.47872769832611 8.04381656646729
v 1.21380984783173 -2.85675597190857 3.58731651306152
v -3.91449713706970 -0.74127471446991 8.25990200042725
v -3.72858166694641 10.39616107940674 0.68348675966263
v 9.35390949249268 5.68310976028442 0.54443925619125
v -9.54714012145996 0.97956681251526 6.13645553588867
# 632 vertices

o Brain_Near
usemtl default
f 356 452 90
f 147 148 140
f 280 574 138
f 531 515 518
f 307 312 92
f 607 542 59
f 120 2 162
f 550 547 597
f 558 342 564
f 342 250 284
f 200 463 202
f 152 6 159
f 259 10 416
f 261 195 445
f 166 118 405
f 258 259 416
f 531 299 196
f 374 366 412
f 507 326 217
f 162 2 37
f 257 259 258
f 393 394 399
f 141 119 213
f 483 339 340
f 212 519 72
f 554 394 393
f 32 305 149
f 534 630 619
f 438 50 181
f 420 104 523
f 517 435 441
f 592 520 35
f 59 542 57
f 283 98 36
f 36 458 283
f 305 19 142
f 368 379 522
f 27 160 117
f 189 117 160
f 124 102 522
f 383 125 173
f 125 383 337
f 600 469 194
f 169 185 183
f 552 367 420
f 185 169 506
f 228 93 148
f 379 400 476
f 113 367 334
f 245 144 143
f 562 375 364
f 229 378 230
f 615 39 601
f 39 479 601
f 14 202 31
f 29 31 202
f 71 230 378
f 491 522 476
f 574 566 567
f 312 235 92
f 244 361 360
f 591 580 584
f 615 601 610
f 630 616 619
f 35 632 474
f 182 78 256
f 171 374 412
f 405 74 294
f 6 4 5
f 23 546 216
f 12 7 8
f 295 385 273
f 333 337 383
f 20 17 18
f 620 67 621
f 613 249 351
f 221 84 435
f 25 23 24
f 531 484 515
f 29 27 28
f 37 30 33
f 84 334 87
f 42 38 40
f 19 396 142
f 495 184 494
f 406 296 73
f 331 327 495
f 364 375 554
f 379 562 400
f 526 553 459
f 59 57 58
f 134 432 449
f 244 344 378
f 70 67 68
f 344 360 358
f 74 71 73
f 43 202 463
f 419 112 444
f 336 333 8
f 67 336 551
f 629 145 199
f 372 225 370
f 437 435 517
f 81 79 80
f 87 83 84
f 93 88 90
f 99 94 95
f 246 190 221
f 299 27 117
f 108 100 107
f 140 452 356
f 546 550 216
f 42 40 271
f 221 435 437
f 367 552 334
f 519 620 72
f 63 255 258
f 568 429 63
f 423 419 417
f 451 75 307
f 469 600 566
f 518 131 132
f 625 560 631
f 306 566 242
f 139 134 136
f 291 306 292
f 471 390 438
f 65 171 412
f 171 111 374
f 158 23 157
f 168 497 269
f 416 10 31
f 164 497 168
f 168 161 164
f 172 169 170
f 181 177 180
f 186 183 185
f 567 48 138
f 478 475 465
f 628 624 585
f 195 191 193
f 8 382 12
f 145 622 618
f 200 341 462
f 202 198 200
f 206 203 205
f 316 571 570
f 592 35 474
f 182 187 381
f 12 382 239
f 187 182 104
f 361 449 392
f 14 525 254
f 39 64 479
f 222 215 216
f 216 224 227
f 28 565 596
f 231 229 230
f 233 71 74
f 63 258 568
f 238 291 278
f 291 238 306
f 139 432 134
f 263 109 528
f 239 236 7
f 344 71 378
f 245 240 241
f 103 240 245
f 158 157 409
f 222 550 407
f 279 79 81
f 105 440 516
f 592 474 402
f 441 264 79
f 603 397 78
f 603 78 182
f 533 465 475
f 282 348 632
f 103 245 143
f 128 172 170
f 509 126 624
f 529 80 530
f 267 81 80
f 584 90 88
f 344 244 360
f 66 594 53
f 527 459 225
f 46 32 213
f 295 273 298
f 258 255 257
f 260 259 257
f 530 263 528
f 555 545 534
f 547 23 498
f 3 516 193
f 547 545 555
f 122 245 241
f 159 369 359
f 372 240 527
f 584 577 90
f 275 273 274
f 529 365 80
f 71 344 73
f 179 389 173
f 281 277 280
f 547 555 597
f 33 438 181
f 290 285 288
f 303 295 298
f 112 9 444
f 284 490 587
f 127 602 211
f 312 307 311
f 294 6 338
f 162 146 120
f 485 531 196
f 331 325 327
f 409 214 158
f 623 178 627
f 464 174 177
f 161 252 205
f 351 345 99
f 359 163 159
f 141 213 32
f 357 353 356
f 67 333 336
f 67 337 333
f 431 128 129
f 431 129 34
f 4 296 406
f 361 358 360
f 364 362 363
f 409 157 25
f 107 100 326
f 509 107 326
f 254 525 373
f 461 458 36
f 199 145 618
f 439 229 150
f 494 493 175
f 394 316 570
f 315 571 316
f 380 631 385
f 395 20 396
f 30 37 371
f 372 241 240
f 607 59 249
f 349 51 450
f 542 607 538
f 384 380 303
f 274 385 386
f 393 388 392
f 399 394 398
f 172 128 450
f 584 88 591
f 74 405 118
f 131 387 599
f 453 133 60
f 501 561 498
f 486 410 590
f 410 486 417
f 132 243 571
f 116 137 432
f 470 472 188
f 242 600 194
f 188 33 470
f 418 410 417
f 355 236 119
f 542 48 57
f 147 613 351
f 567 57 48
f 13 279 81
f 13 282 279
f 416 31 29
f 422 321 430
f 536 214 25
f 385 295 380
f 602 488 404
f 404 488 68
f 10 450 510
f 198 366 454
f 413 422 354
f 512 446 56
f 456 198 454
f 461 457 458
f 469 566 468
f 472 470 181
f 314 308 310
f 578 177 174
f 385 631 386
f 212 167 519
f 515 484 622
f 91 467 391
f 483 457 461
f 508 516 480
f 589 480 588
f 415 512 56
f 458 402 512
f 212 108 167
f 485 484 531
f 186 494 175
f 437 381 246
f 155 507 608
f 70 68 488
f 591 342 201
f 240 103 267
f 365 267 80
f 518 315 318
f 518 132 315
f 308 370 310
f 306 238 567
f 21 118 231
f 118 233 74
f 56 455 18
f 142 455 56
f 365 529 240
f 240 267 365
f 392 388 403
f 155 488 507
f 51 349 260
f 474 446 512
f 504 503 78
f 563 104 256
f 506 331 505
f 257 506 260
f 149 141 32
f 516 508 195
f 144 141 149
f 322 42 146
f 588 490 575
f 439 136 378
f 527 524 526
f 530 528 529
f 183 532 533
f 630 534 535
f 322 319 274
f 277 574 280
f 551 308 314
f 542 538 541
f 545 543 544
f 550 546 547
f 231 579 229
f 165 108 581
f 211 101 127
f 104 563 523
f 252 537 205
f 362 554 392
f 114 343 581
f 355 549 236
f 467 468 566
f 543 168 544
f 557 169 183
f 575 558 564
f 577 580 576
f 583 579 581
f 524 123 526
f 434 23 216
f 583 150 579
f 23 547 546
f 539 453 447
f 585 487 486
f 588 586 587
f 578 472 180
f 595 28 594
f 596 29 28
f 32 19 305
f 185 505 495
f 60 133 210
f 100 108 212
f 100 72 217
f 609 606 607
f 614 611 613
f 622 617 618
f 84 113 334
f 398 623 627
f 221 113 84
f 384 290 288
f 485 52 461
f 331 495 505
f 471 33 30
f 72 100 212
f 306 567 566
f 418 417 444
f 9 439 150
f 182 256 104
f 325 192 327
f 383 251 382
f 618 17 401
f 167 338 519
f 2 1 371
f 259 349 10
f 34 14 31
f 544 269 521
f 501 161 543
f 234 148 262
f 64 49 61
f 191 3 193
f 234 262 99
f 16 13 15
f 46 19 32
f 54 53 27
f 158 501 23
f 225 372 527
f 54 66 53
f 69 345 351
f 370 225 605
f 94 345 451
f 82 75 76
f 515 622 145
f 56 305 142
f 224 215 323
f 397 434 227
f 309 549 122
f 109 106 84
f 111 182 110
f 180 177 578
f 415 283 458
f 129 128 170
f 259 260 349
f 147 140 613
f 226 598 247
f 140 148 93
f 23 25 157
f 272 598 226
f 158 161 501
f 205 203 276
f 331 408 82
f 163 152 159
f 167 165 166
f 176 174 175
f 194 184 192
f 99 345 94
f 484 617 622
f 506 408 331
f 325 301 192
f 422 430 354
f 39 609 64
f 209 207 208
f 430 320 328
f 328 354 430
f 309 551 549
f 182 111 232
f 238 57 567
f 194 192 242
f 131 243 132
f 355 122 549
f 507 217 608
f 608 217 72
f 364 554 362
f 354 33 413
f 69 443 293
f 261 285 290
f 610 290 303
f 264 263 530
f 35 279 282
f 272 398 394
f 192 291 292
f 570 272 394
f 69 293 345
f 494 186 495
f 174 532 175
f 320 162 328
f 328 37 354
f 152 338 6
f 95 94 92
f 548 235 312
f 234 95 235
f 296 294 73
f 369 173 359
f 627 399 398
f 449 361 134
f 173 163 359
f 443 291 293
f 192 301 291
f 76 325 82
f 272 571 243
f 226 398 272
f 623 398 226
f 464 533 174
f 539 548 312
f 309 372 308
f 266 476 400
f 78 411 504
f 314 310 313
f 586 480 576
f 66 518 318
f 66 318 414
f 446 474 632
f 632 348 446
f 317 315 316
f 315 317 318
f 319 275 274
f 322 320 321
f 23 434 24
f 437 246 221
f 524 529 528
f 464 465 533
f 335 83 324
f 7 336 8
f 338 163 337
f 340 339 208
f 37 33 354
f 456 341 198
f 237 287 298
f 13 348 282
f 294 296 4
f 406 377 4
f 93 473 88
f 188 413 33
f 611 614 353
f 564 342 88
f 542 541 48
f 245 141 144
f 373 352 366
f 374 208 454
f 379 316 375
f 375 316 554
f 499 611 353
f 428 24 434
f 46 389 395
f 18 396 20
f 411 78 397
f 385 274 273
f 295 303 380
f 352 412 366
f 422 413 281
f 77 82 408
f 320 430 321
f 485 461 98
f 257 408 506
f 301 76 75
f 51 172 450
f 463 462 189
f 575 250 558
f 483 421 300
f 578 174 472
f 441 279 517
f 5 159 6
f 251 389 382
f 369 179 173
f 116 432 139
f 556 436 449
f 179 369 178
f 118 21 233
f 553 526 123
f 88 342 591
f 605 211 121
f 386 560 559
f 545 547 561
f 401 395 199
f 83 44 109
f 339 341 456
f 317 414 318
f 225 304 605
f 533 532 174
f 464 177 50
f 68 67 551
f 1 120 582
f 565 595 425
f 91 391 188
f 559 274 386
f 216 215 224
f 200 462 463
f 465 464 535
f 369 159 5
f 369 5 178
f 478 557 475
f 210 77 408
f 594 28 53
f 53 28 27
f 272 570 571
f 439 9 139
f 89 69 249
f 576 480 516
f 586 576 481
f 224 323 227
f 89 443 69
f 255 63 60
f 410 418 583
f 302 595 594
f 184 493 494
f 186 185 495
f 161 168 543
f 501 498 23
f 478 497 557
f 497 164 170
f 301 325 76
f 143 13 81
f 601 3 96
f 388 153 403
f 479 3 601
f 399 388 393
f 562 266 400
f 319 281 376
f 322 321 319
f 518 66 54
f 518 54 531
f 323 397 227
f 558 250 342
f 300 299 117
f 603 434 397
f 377 153 388
f 29 160 27
f 535 534 521
f 377 406 153
f 349 450 10
f 465 535 478
f 503 256 78
f 269 544 168
f 249 49 607
f 203 206 525
f 537 536 373
f 631 384 288
f 313 121 404
f 154 626 573
f 208 207 340
f 586 481 587
f 481 580 587
f 38 42 559
f 628 343 114
f 311 539 312
f 565 258 596
f 561 547 498
f 236 549 7
f 386 631 560
f 501 543 561
f 258 416 596
f 309 308 551
f 521 534 545
f 479 22 105
f 313 404 68
f 565 28 595
f 561 543 545
f 568 425 429
f 560 38 559
f 31 10 510
f 569 436 556
f 363 362 569
f 255 60 210
f 5 4 178
f 399 627 4
f 211 304 477
f 65 352 428
f 231 581 579
f 165 167 108
f 109 84 83
f 541 138 48
f 131 598 243
f 211 477 101
f 287 442 298
f 399 4 377
f 598 131 599
f 287 237 538
f 103 81 267
f 143 144 15
f 279 441 79
f 535 433 630
f 433 45 50
f 50 45 464
f 603 182 232
f 98 617 485
f 98 17 617
f 508 593 195
f 232 604 603
f 621 608 620
f 266 491 476
f 107 624 628
f 341 339 462
f 152 163 338
f 590 410 343
f 598 629 247
f 389 629 199
f 22 357 440
f 266 562 364
f 479 105 3
f 150 229 579
f 39 442 609
f 442 287 609
f 44 83 335
f 528 492 524
f 433 616 630
f 506 169 55
f 509 326 507
f 130 126 507
f 603 428 434
f 373 536 428
f 140 93 452
f 545 544 521
f 311 307 82
f 184 495 327
f 9 418 444
f 415 458 512
f 116 139 112
f 305 16 149
f 16 348 13
f 127 511 602
f 523 563 502
f 483 461 52
f 75 451 293
f 522 379 476
f 273 538 237
f 287 606 609
f 562 379 375
f 189 462 300
f 592 111 110
f 197 209 111
f 462 339 300
f 528 109 492
f 35 282 632
f 263 264 109
f 56 348 16
f 71 233 230
f 136 439 139
f 310 121 313
f 327 192 184
f 261 96 195
f 280 376 281
f 605 310 370
f 428 352 373
f 232 65 604
f 79 530 80
f 343 628 590
f 348 56 446
f 396 18 455
f 602 121 211
f 304 211 605
f 293 451 345
f 94 451 92
f 231 230 21
f 377 388 399
f 283 415 17
f 166 231 118
f 91 188 496
f 77 311 82
f 516 195 193
f 413 277 281
f 510 431 34
f 34 203 14
f 228 148 234
f 161 205 276
f 472 176 496
f 147 351 262
f 397 323 411
f 174 176 472
f 610 96 290
f 79 264 530
f 535 521 269
f 370 308 372
f 121 602 404
f 488 130 507
f 416 29 596
f 202 43 29
f 45 535 464
f 276 164 161
f 181 50 177
f 172 51 260
f 554 316 394
f 280 541 376
f 504 502 248
f 197 111 592
f 172 260 55
f 512 268 474
f 475 183 533
f 160 29 43
f 475 557 183
f 588 480 586
f 189 43 463
f 165 581 231
f 337 67 620
f 519 337 620
f 507 126 509
f 185 506 505
f 55 169 172
f 485 196 52
f 363 266 364
f 189 160 43
f 451 307 92
f 381 35 520
f 110 182 381
f 553 304 459
f 108 114 581
f 27 531 54
f 136 134 244
f 478 269 497
f 378 136 244
f 45 433 535
f 478 535 269
f 433 50 616
f 436 569 362
f 155 608 621
f 457 340 207
f 96 3 191
f 195 96 191
f 133 453 539
f 380 384 631
f 378 229 439
f 163 173 125
f 456 208 339
f 285 625 288
f 591 201 580
f 481 576 580
f 454 208 456
f 110 520 592
f 128 431 450
f 381 520 110
f 497 170 557
f 170 169 557
f 510 450 431
f 628 585 590
f 624 487 585
f 274 332 322
f 621 70 155
f 106 264 424
f 467 574 277
f 91 468 467
f 615 442 39
f 49 64 609
f 502 563 248
f 257 255 210
f 178 4 627
f 247 389 179
f 120 1 2
f 106 109 264
f 598 272 243
f 141 245 122
f 197 592 402
f 13 143 15
f 246 187 190
f 190 187 367
f 420 187 104
f 362 392 436
f 356 353 614
f 609 607 49
f 140 356 614
f 233 21 230
f 206 537 525
f 189 300 117
f 549 551 7
f 336 7 551
f 265 569 556
f 203 270 276
f 270 129 170
f 194 469 493
f 194 493 184
f 95 92 235
f 468 91 496
f 496 175 493
f 183 186 532
f 618 401 199
f 294 4 6
f 367 187 420
f 503 504 248
f 472 496 188
f 176 175 496
f 165 231 166
f 583 418 150
f 150 418 9
f 304 489 477
f 532 186 175
f 75 82 307
f 421 299 300
f 61 22 479
f 61 479 64
f 421 483 52
f 499 61 49
f 437 35 381
f 187 246 381
f 134 361 244
f 432 556 449
f 270 164 276
f 164 270 170
f 403 361 392
f 56 16 305
f 142 396 455
f 311 133 539
f 366 374 454
f 222 216 550
f 46 396 19
f 472 181 180
f 314 68 551
f 376 541 538
f 376 275 319
f 553 489 304
f 527 526 459
f 563 256 248
f 31 510 34
f 556 432 137
f 146 42 271
f 18 415 56
f 18 17 415
f 61 499 22
f 178 623 247
f 338 337 519
f 22 499 353
f 382 8 383
f 93 90 452
f 77 210 133
f 8 333 383
f 608 72 620
f 482 524 492
f 482 123 524
f 55 260 506
f 215 222 407
f 58 89 249
f 58 57 278
f 3 105 516
f 516 440 576
f 395 389 199
f 20 401 17
f 392 449 436
f 585 486 590
f 257 210 408
f 289 261 445
f 403 358 361
f 443 89 278
f 102 317 368
f 316 368 317
f 89 58 278
f 610 601 96
f 366 254 373
f 537 373 525
f 508 480 589
f 593 508 589
f 261 290 96
f 467 566 574
f 240 529 527
f 529 524 527
f 15 144 149
f 15 149 16
f 309 241 372
f 241 309 122
f 358 403 153
f 207 197 457
f 340 457 483
f 350 114 108
f 406 73 153
f 256 503 248
f 190 113 221
f 2 371 37
f 623 226 247
f 37 328 162
f 198 14 254
f 461 36 98
f 617 484 485
f 202 14 198
f 615 610 303
f 290 384 303
f 402 458 197
f 587 580 201
f 138 541 280
f 440 105 22
f 285 261 289
f 383 173 251
f 148 147 262
f 459 304 225
f 239 7 12
f 517 279 35
f 437 517 35
f 46 213 239
f 581 343 410
f 107 628 350
f 87 324 83
f 531 27 299
f 344 358 73
f 73 358 153
f 382 46 239
f 389 46 382
f 52 196 421
f 421 196 299
f 613 499 49
f 58 249 59
f 133 311 77
f 49 249 613
f 124 491 266
f 82 325 331
f 249 69 351
f 65 412 352
f 342 587 201
f 419 444 417
f 93 228 473
f 490 588 587
f 522 491 124
f 102 368 522
f 125 337 163
f 310 605 121
f 379 368 316
f 162 320 146
f 422 281 321
f 554 393 392
f 129 203 34
f 322 146 320
f 353 357 22
f 499 613 611
f 203 129 270
f 355 141 122
f 65 232 171
f 141 355 119
f 357 576 440
f 357 356 576
f 294 74 73
f 294 338 405
f 111 171 232
f 293 301 75
f 356 90 577
f 425 568 565
f 293 291 301
f 395 401 20
f 559 42 332
f 339 483 300
f 140 614 613
f 322 332 42
f 428 536 24
f 24 536 25
f 81 103 143
f 195 593 445
f 577 584 580
f 108 107 350
f 131 515 387
f 139 9 112
f 391 277 413
f 109 44 492
f 179 178 247
f 132 571 315
f 467 277 391
f 389 247 629
f 209 197 207
f 167 166 338
f 458 457 197
f 376 538 275
f 405 338 166
f 173 389 251
f 250 490 284
f 628 114 350
f 538 273 275
f 44 335 492
f 70 488 155
f 469 468 493
f 576 356 577
f 600 242 566
f 434 216 227
f 490 250 575
f 587 342 284
f 268 512 402
f 496 493 468
f 332 274 559
f 326 100 217
f 198 254 366
f 402 474 268
f 126 487 624
f 107 509 624
f 273 237 298
f 525 14 203
f 581 410 583
f 536 537 214
f 252 214 537
f 198 341 200
f 98 283 17
f 617 17 618
f 470 33 181
f 396 46 395
f 599 629 598
f 441 435 424
f 413 188 391
f 84 106 435
f 537 206 205
f 120 146 271
f 288 625 631
f 317 102 414
f 113 190 367
f 621 67 70
f 281 319 321
f 214 409 25
f 258 565 568
f 574 567 138
f 374 209 208
f 111 209 374
f 252 161 158
f 214 252 158
f 33 471 438
f 438 135 50
f 298 615 303
f 298 442 615
f 131 518 515
f 435 106 424
f 424 264 441
f 387 515 145
f 95 234 99
f 351 99 262
f 538 606 287
f 538 607 606
f 65 428 604
f 213 119 239
f 603 604 428
f 236 239 119
f 313 68 314
f 135 438 390
f 599 387 145
f 253 120 271
f 120 253 582
f 278 57 238
f 291 443 278
f 511 130 602
f 602 130 488

v -6.70864534378052 -3.55897212028503 0.00000004167994
v -6.60359764099121 -3.53681063652039 0.00000004170181
v 3.47986006736755 9.75190830230713 0.00000011090447
v 2.75521039962769 10.30820083618164 -0.14943702518940
v 3.29780173301697 10.35809421539307 -0.75890487432480
v 9.72935295104980 3.40667223930359 -3.84517097473145
v 0.86000561714172 -0.93868190050125 -7.62486076354980
v 0.20891791582108 -1.56394517421722 -7.44943284988403
v 1.42737913131714 -2.05167937278748 -6.81717634201050
v -6.52406835556030 -3.28459239006042 -6.70884227752686
v -4.51238918304443 -2.79954719543457 -7.61852550506592
v 4.94137716293335 -0.61197113990784 -2.55519556999207
v -3.46039605140686 5.43404817581177 -7.79401397705078
v -5.36076927185059 -2.38075232505798 -7.54344177246094
v -9.63813972473145 -0.58041560649872 -4.63319110870361
v -5.51714992523193 7.63637924194336 -5.76825857162476
v -9.08645915985107 -0.96587747335434 -5.59561491012573
v -8.52178001403809 -0.68673998117447 -5.61285877227783
v -7.47626018524170 1.40713083744049 -8.07921886444092
v -7.81505060195923 0.44978839159012 -7.75827884674072
v -7.85331249237061 -0.63727867603302 -6.98658275604248
v -6.68577194213867 -0.49003246426582 -8.09114646911621
v 3.35055255889893 -2.14944481849670 -4.35370779037476
v 8.76443576812744 3.00848031044006 -4.70687913894653
v -7.78117847442627 8.15357685089111 -1.82557535171509
v -8.05815315246582 7.34681177139282 -2.87113547325134
v -7.48900365829468 7.91184759140015 -2.84281539916992
v -6.17069149017334 4.27464866638184 -8.36672687530518
v -4.24486684799194 3.50217270851135 -8.25427436828613
v -4.40205049514771 4.65509748458862 -8.23458194732666
v 1.09101986885071 10.56697654724121 -0.65430140495300
v -4.50200462341309 6.56080913543701 -7.14386653900146
v -7.97028636932373 -1.60138583183289 -6.57391452789307
v 1.53442203998566 10.05063533782959 -2.46703338623047
v -4.53705072402954 7.45718145370483 -5.93857431411743
v -10.31158542633057 2.04709553718567 -4.53317165374756
v -8.28127574920654 2.21520996093750 -7.45109081268311
v 2.71403741836548 10.30709362030029 -1.31264507770538
v 7.98424243927002 7.25460577011108 -0.06376757472754
v 9.22385978698730 4.40078496932983 -3.70294713973999
v 6.08523893356323 8.32043266296387 -0.03051609545946
v 6.54128170013428 8.98928833007812 -0.60258007049561
v -5.07885408401489 5.29241847991943 -7.30467844009399
v -10.42638587951660 -1.12310504913330 0.01706052571535
v -2.00821948051453 9.92593479156494 -1.17743015289307
v -6.68451261520386 -2.18020319938660 -7.51791810989380
v 5.16261863708496 8.16867923736572 -4.19056844711304
v 7.53190994262695 4.48471355438232 -5.35756731033325
v -1.29861533641815 10.55739784240723 -0.98307800292969
v -2.82717156410217 6.19351243972778 -7.03999376296997
v -7.46514225006104 3.72185134887695 -7.59567880630493
v -4.59774780273438 3.09458756446838 -7.80740594863892
v -4.92696809768677 2.59559416770935 -8.37909793853760
v -1.63804817199707 5.56443643569946 -7.47057771682739
v -8.39894580841064 0.59309327602386 -6.36291885375977
v 5.43682432174683 7.13000679016113 -4.74550819396973
v 4.78381824493408 5.97233772277832 -5.74237203598022
v 6.01859569549561 5.97357320785522 -5.46197986602783
v -0.76506268978119 2.75409364700317 -7.16497325897217
v 8.21691989898682 3.96691393852234 -4.35122346878052
v -1.94577813148499 2.72563219070435 -7.01318550109863
v 8.86994743347168 4.10436534881592 -4.22649526596069
v -7.61519575119019 6.82760953903198 -3.78159952163696
v -4.69863080978394 1.97281527519226 -6.99835395812988
v -3.95187807083130 -3.23032784461975 -5.56656169891357
v -5.97389602661133 -3.23947858810425 -5.53604602813721
v 4.63164758682251 4.68920755386353 -6.32054424285889
v -3.62816786766052 -2.90311694145203 -5.05707740783691
v 4.12324094772339 -1.91880095005035 -5.42800760269165
v -1.03627681732178 -2.84310007095337 -6.03421306610107
v 3.41661047935486 -1.38459837436676 -6.20169591903687
v 2.64907550811768 -2.11894369125366 -6.00574827194214
v 2.03668808937073 4.99734592437744 -7.10791254043579
v 1.12677896022797 5.26873970031738 -7.02744102478027
v -0.13451679050922 3.57491278648376 -8.12149333953857
v -10.11890983581543 4.20778465270996 -2.66211962699890
v -10.12771797180176 -1.17356348037720 -3.34689927101135
v -9.77339553833008 -1.85046780109406 -2.88583517074585
v -9.43360042572021 -2.07095670700073 -4.15448713302612
v 0.95616525411606 3.90811371803284 -7.65970897674561
v -10.79856395721436 -0.29047968983650 -0.55347961187363
v -11.19885826110840 1.14602959156036 -1.46160376071930
v -10.80520439147949 0.84347850084305 -0.31957569718361
v 1.88201856613159 0.70218455791473 -2.40981626510620
v 4.65381622314453 4.89781475067139 -5.62688398361206
v 5.33871889114380 1.18371617794037 -5.33263158798218
v 1.34586489200592 8.89587593078613 -3.42474126815796
v 2.12391614913940 3.43189692497253 -6.79618883132935
v 4.88943719863892 1.28242266178131 -5.87025594711304
v 2.97728967666626 3.46689677238464 -7.08216047286987
v 2.73748135566711 2.64107918739319 -6.53263235092163
v 10.26526832580566 3.27459859848022 -1.55194675922394
v -7.42752742767334 2.27085113525391 -7.38177871704102
v 3.91592216491699 2.99559640884399 -6.79030799865723
v -0.62516981363297 -2.77893304824829 -5.20362091064453
v -3.60591125488281 2.03338027000427 -6.05778169631958
v -8.79724979400635 -2.58050894737244 -4.48163080215454
v -11.15633010864258 3.07087731361389 -0.80969184637070
v 9.65341472625732 2.70187401771545 -3.93446278572083
v -10.77573585510254 0.21887448430061 -1.94885158538818
v 0.13259452581406 -2.48010087013245 -4.60610485076904
v 2.04298806190491 -3.26906657218933 -3.97041606903076
v -10.79130172729492 -1.28759908676147 -0.71772354841232
v -9.79449462890625 3.58439970016479 -4.25133943557739
v -9.33379459381104 4.22909784317017 -5.32305955886841
v 4.21063709259033 -0.19900891184807 -2.34584379196167
v -10.78932189941406 1.93509244918823 -1.72362375259399
v 1.65384018421173 -3.19420385360718 -3.53648424148560
v 4.64972877502441 0.69548773765564 -3.96500372886658
v -6.35858869552612 4.75024604797363 -8.11301040649414
v 2.08816456794739 -2.13356304168701 -5.44207239151001
v -7.06354141235352 -2.17720317840576 -6.24663829803467
v 4.90848875045776 9.75408840179443 -0.41052049398422
v -7.07446718215942 -2.63429236412048 -4.15245819091797
v -7.83970022201538 -3.55623316764832 -4.95879840850830
v -9.35357189178467 -3.24345779418945 -0.09500706195831
v -2.74167704582214 2.51978659629822 -6.11353349685669
v -2.49650478363037 -2.25307846069336 -7.78606939315796
v -1.82713162899017 -2.01098060607910 -3.74113321304321
v -3.44058275222778 7.08621311187744 -6.34821844100952
v -4.01207923889160 7.77154159545898 -5.51945018768311
v -3.89401125907898 -2.80217933654785 0.01387887448072
v -4.27024316787720 0.74477505683899 -8.87734985351562
v -3.69787502288818 1.49465417861938 -9.01333427429199
v -0.23979260027409 2.76608395576477 -7.70104932785034
v 5.27591657638550 0.14267754554749 -5.39423942565918
v -1.18080043792725 10.57137203216553 -0.03122031129897
v 4.90185594558716 -0.66992247104645 -4.36209583282471
v 4.46948480606079 0.94296431541443 -5.09783983230591
v 4.24665880203247 8.53456878662109 -3.70237255096436
v 5.19012165069580 -0.13209067285061 -3.20458769798279
v 6.75147438049316 2.03442788124084 -5.93157529830933
v -7.64371204376221 -2.88046073913574 -6.24145460128784
v -8.22710990905762 0.09628862142563 -7.04270696640015
v -9.15519237518311 -1.76462590694427 -4.91714715957642
v -8.62049388885498 -2.29681134223938 -5.68559074401855
v -4.69320678710938 -0.22453363239765 -8.24377346038818
v 5.48857450485229 9.23031806945801 -0.85072833299637
v 5.59870624542236 3.18707489967346 -6.50107192993164
v 4.83207845687866 2.22865891456604 -6.50300407409668
v -8.39479541778564 -2.17680287361145 -5.88131093978882
v 4.88336992263794 -1.53898334503174 -2.67319154739380
v 0.79905098676682 -2.20335173606873 -6.68994045257568
v 2.53435277938843 -0.08393286913633 -6.68365240097046
v -10.35437965393066 -1.86294424533844 -0.01706468313932
v -2.96017193794250 -2.52577590942383 -4.97440958023071
v -7.07477188110352 8.40209484100342 -2.87078714370728
v -6.08559322357178 8.60009193420410 -2.64594292640686
v -0.03783373907208 -1.64865195751190 -6.86582469940186
v -5.50091791152954 4.98660182952881 -8.04007434844971
v -5.03153085708618 8.69731616973877 -2.95009469985962
v 4.77779102325439 9.85533046722412 -0.92097651958466
v -1.06703042984009 -2.40574002265930 -7.40490102767944
v -4.37717437744141 8.38107585906982 -4.57838630676270
v 2.75014138221741 -3.04980754852295 -4.55346012115479
v 1.61296892166138 -2.80194616317749 -5.96778011322021
v 1.04689311981201 -3.19077944755554 -5.69858455657959
v -4.85626745223999 9.38108634948730 -2.65261483192444
v -1.64109683036804 6.92568397521973 -6.07285356521606
v -3.47213363647461 8.15273380279541 -5.12748241424561
v -8.74561691284180 5.21731519699097 -4.73297166824341
v -2.34837818145752 6.73541498184204 -6.61058616638184
v -2.20170021057129 -1.61356651782990 -7.57124519348145
v -1.26475775241852 9.96595573425293 -3.01161789894104
v -1.02522265911102 8.43320369720459 -5.14620161056519
v -0.54170989990234 9.42578887939453 -3.66886973381042
v -1.31249046325684 10.40582942962646 -1.63042700290680
v -0.42087504267693 -1.21894228458405 -8.07062530517578
v -2.02790284156799 -1.32477974891663 -8.13655281066895
v 0.20584221184254 9.60990810394287 -2.16807746887207
v -0.06011982262135 10.64046192169189 -1.02843773365021
v -9.90051364898682 4.06594896316528 -2.70701169967651
v -2.26542901992798 7.70119953155518 -4.66414976119995
v 0.38704860210419 7.40828323364258 -5.72521352767944
v -1.11357188224792 6.35912036895752 -5.84186553955078
v -1.61726367473602 8.05700969696045 -5.30734968185425
v -11.12118721008301 2.70302724838257 -1.54404377937317
v 0.63674777746201 9.44442653656006 -3.64400553703308
v -6.12471914291382 5.21849870681763 -7.39021492004395
v -10.79599666595459 2.52551531791687 -1.74463582038879
v 9.99173736572266 2.51617002487183 -2.29949879646301
v 1.05511140823364 6.04558897018433 -5.84709692001343
v 9.45641613006592 2.17467641830444 -2.31439089775085
v 0.63312560319901 7.22260522842407 -5.09151744842529
v 9.79035949707031 2.21283292770386 -0.96983873844147
v -6.72936725616455 2.85736775398254 -8.18011474609375
v -9.21477699279785 3.55349683761597 -6.05936717987061
v -6.19767332077026 7.02042579650879 -6.34425878524780
v -5.49009037017822 -0.92836380004883 -8.20303440093994
v -6.61713600158691 6.02331876754761 -7.20817470550537
v 6.30239725112915 1.48687207698822 -2.85568761825562
v -5.11446380615234 6.55955743789673 -7.00580644607544
v -4.35192346572876 7.51979970932007 -5.42275428771973
v -5.24162721633911 8.74327564239502 -3.93222284317017
v -5.20958518981934 8.18237876892090 -4.95510292053223
v -7.39866542816162 5.98113775253296 -5.70429944992065
v -7.73644924163818 5.42117595672607 -5.70061492919922
v -8.53797245025635 4.73875379562378 -5.19607543945312
v -0.61013364791870 3.47233223915100 -7.82709741592407
v -7.01211929321289 -3.56130862236023 -2.40906047821045
v 0.15387360751629 -3.19460058212280 -5.53875637054443
v -7.60871934890747 -2.01913905143738 -6.57447862625122
v -6.75495290756226 8.27623462677002 -3.86965513229370
v -9.55805492401123 6.58830547332764 -0.14526367187500
v -8.73813056945801 7.76454544067383 -1.13652360439301
v -1.33575737476349 -2.16154599189758 -5.43478918075562
v -11.00928974151611 1.46036052703857 -2.39862370491028
v -8.89071941375732 7.82577514648438 -0.47665554285049
v -9.52277088165283 6.58457183837891 -0.76089966297150
v -8.21865081787109 -3.56402182579041 -1.76667869091034
v -1.61670088768005 0.33435073494911 -7.73319721221924
v -8.89421367645264 6.71597194671631 -1.99164354801178
v 3.80198836326599 1.43510746955872 -5.92027187347412
v 4.80172061920166 -1.81480002403259 -3.41600370407104
v 4.58859395980835 -1.76526868343353 -4.15444755554199
v 3.59200334548950 -2.63699626922607 -4.16617202758789
v -9.70844841003418 4.44704675674438 -4.35326766967773
v 3.40222001075745 -2.29886293411255 -5.04626369476318
v 3.48545432090759 2.20853996276855 -5.76079225540161
v 2.11858677864075 2.50715470314026 -6.03324079513550
v -6.44421148300171 -2.62483119964600 -6.54102230072021
v 7.42204952239990 6.49121046066284 -2.81894373893738
v 3.86496233940125 6.77195596694946 -5.36754035949707
v -6.63749742507935 -2.50102090835571 -6.66986608505249
v -9.21364498138428 -3.68257379531860 -2.90367889404297
v -7.81405019760132 -3.43206048011780 -3.80787873268127
v 1.58189761638641 7.24122190475464 -5.71496486663818
v -2.33140587806702 0.76528626680374 -8.84073734283447
v 4.84058284759521 -0.51854282617569 -5.44048786163330
v -8.68901252746582 -3.03657603263855 -5.05254268646240
v -10.75239562988281 2.35675835609436 -2.85421562194824
v -2.18772649765015 -0.71269387006760 -8.44440174102783
v -10.32280635833740 3.54321408271790 -0.74843168258667
v 6.28692722320557 4.68584918975830 -5.93651962280273
v 4.97817611694336 0.58911556005478 -1.99353575706482
v -3.59680533409119 -1.75498843193054 -7.30654954910278
v -5.66309833526611 8.97305107116699 -3.18882298469543
v 4.98823881149292 9.14754199981689 -0.11116841435432
v -6.55163431167603 7.42632389068604 -5.38352680206299
v -1.18795061111450 2.93240475654602 -7.68802928924561
v -9.84866809844971 4.46932792663574 -1.79168772697449
v -1.07572770118713 3.70964407920837 -8.29149723052979
v -2.61921596527100 3.77079701423645 -8.25075817108154
v -2.93198966979980 4.26168632507324 -8.20945358276367
v -2.72283124923706 5.39141321182251 -7.88926982879639
v 9.88734436035156 2.83669209480286 -0.35843878984451
v 4.54959726333618 2.74297213554382 -6.14073610305786
v -10.78107166290283 -0.92476254701614 -1.81253159046173
v -10.78437805175781 -0.14491164684296 -2.75107550621033
v 2.20467543601990 2.22478604316711 -6.08530855178833
v -0.59687817096710 2.59062719345093 -6.16124534606934
v -8.92836093902588 -2.34051394462585 -3.46055102348328
v -8.79724311828613 2.05573868751526 -5.97891902923584
v -3.26690626144409 9.97438240051270 -1.99643039703369
v -4.30695915222168 7.50541734695435 -4.78691053390503
v 5.67954063415527 8.64547348022461 -0.40256422758102
v -1.70602297782898 0.64825695753098 -8.52177715301514
v 8.32266521453857 6.98008966445923 -2.77829957008362
v 7.01258516311646 8.30634975433350 -1.75094389915466
v 7.31448841094971 7.00015830993652 -3.74271559715271
v -4.64191913604736 8.28314399719238 -4.08735847473145
v 3.97780013084412 8.76997280120850 -3.08316063880920
v 4.14346981048584 5.85697793960571 -5.06228446960449
v -9.96587276458740 -0.03164729103446 -4.35530757904053
v 4.50762271881104 8.16142749786377 -3.03166842460632
v 5.21521949768066 8.79409503936768 -2.81830835342407
v -9.43823146820068 0.25050964951515 -5.75973939895630
v -8.37304973602295 1.70726072788239 -7.27509880065918
v 5.76987504959106 1.08835732936859 -1.69813156127930
v 8.77342414855957 4.00888633728027 0.04104086384177
v 8.63009071350098 6.20144367218018 -3.48321533203125
v 9.61279106140137 4.63335180282593 -0.39778697490692
v 8.47507381439209 3.43793654441834 -0.02464716136456
v 9.87639522552490 3.96432209014893 -1.18942689895630
v 3.15147614479065 6.25835752487183 -5.17020082473755
v 2.68764138221741 6.74905252456665 -5.64466857910156
v 3.09715628623962 6.21536779403687 -6.13588857650757
v 2.30785560607910 -1.93187415599823 -6.82761621475220
v 9.38074493408203 6.17802429199219 -2.33671116828918
v 2.65961122512817 -1.25199151039124 -7.07112026214600
v 8.14557647705078 6.10007953643799 -2.83641552925110
v -6.73106098175049 4.04971218109131 -8.12389469146729
v -6.80028915405273 4.58509254455566 -7.25691890716553
v 1.91863727569580 6.03248071670532 -6.43044090270996
v -4.13394975662231 2.65026307106018 -5.86272192001343
v 10.22594928741455 4.63271570205688 -1.96118283271790
v -8.45036411285400 -3.84044146537781 -0.88790673017502
v -8.43384742736816 -0.43563598394394 -6.54828310012817
v 2.89258360862732 7.76337432861328 -4.92396068572998
v 1.91279315948486 4.10921764373779 -7.35327672958374
v -6.44897413253784 -2.87122106552124 -4.11600255966187
v -6.88008356094360 -3.14397835731506 -4.52545452117920
v -6.33592844009399 -2.67601585388184 -4.12531423568726
v 0.94635760784149 3.10994052886963 -7.82468509674072
v 1.82983684539795 3.07457399368286 -7.12102890014648
v -5.81317806243896 -2.86124372482300 -4.94360589981079
v -6.92874813079834 -3.71456837654114 -5.23236227035522
v -3.74844956398010 2.57121133804321 -8.52831840515137
v -1.64900577068329 2.44704961776733 -8.75698947906494
v -2.69331693649292 2.83526897430420 -7.53333759307861
v -4.14463758468628 2.46956181526184 -7.23890590667725
v 6.21147537231445 8.60322093963623 -2.52480006217957
v 4.55777454376221 9.44319629669189 -1.09417247772217
v 5.11260414123535 9.21352005004883 -2.23789238929749
v 5.75724124908447 9.37635421752930 -1.55214023590088
v -9.70241069793701 6.13856601715088 -0.50550365447998
v -10.32068729400635 0.21256308257580 0.07966443151236
v 0.80531209707260 5.20363664627075 -6.59366512298584
v -0.80704128742218 -2.08686470985413 -4.97608900070190
v 0.60755920410156 6.50323295593262 -6.35426521301270
v 3.15108799934387 9.85869884490967 -1.23415291309357
v 0.29537215828896 5.72050237655640 -6.97441339492798
v 7.38111591339111 8.45455646514893 -1.35971975326538
v -3.76733112335205 -3.05606222152710 -6.62518930435181
v -10.61888980865479 1.08853602409363 -0.75416767597198
v -10.08000659942627 -0.58030253648758 0.13800859451294
v -4.84651660919189 -3.45342564582825 -6.73420953750610
v -2.38618946075439 -2.94726061820984 -7.17282104492188
v 1.01360487937927 -2.65764045715332 -6.37982463836670
v -7.28346395492554 4.91057062149048 -7.09457111358643
v -8.06871414184570 5.25878381729126 -6.29183101654053
v -7.54606485366821 5.61578464508057 -7.00497913360596
v 4.12404346466064 0.28579959273338 -2.50239586830139
v 1.87014257907867 -2.97730827331543 -2.62994408607483
v 4.56080389022827 -1.26192760467529 -5.66043567657471
v 3.93986606597900 4.14021253585815 -7.07659244537354
v -8.94873619079590 -0.26705226302147 -6.27471923828125
v -3.18792581558228 5.57399225234985 -7.14186191558838
v 1.18602752685547 -2.67003154754639 -4.00779628753662
v 6.20525789260864 4.11237096786499 -6.12001180648804
v -8.44823360443115 6.49384450912476 -4.08157539367676
v 8.32155323028564 2.55668282508850 -5.23180723190308
v 2.47012186050415 10.06042289733887 -2.17947697639465
v -7.46124505996704 -3.10412573814392 -5.72833442687988
v 7.14337682723999 1.87267565727234 -4.74757146835327
v 8.25063800811768 1.90625107288361 -3.75872302055359
v 3.44936060905457 -0.32761350274086 -6.85080003738403
v -0.97918623685837 -1.84192037582397 -7.20228099822998
v 4.42622470855713 -0.26760309934616 -6.22942781448364
v 4.90066576004028 0.51673454046249 -6.36413955688477
v 2.12270712852478 2.34246802330017 -7.31839275360107
v 0.35891723632812 2.45728540420532 -6.84109306335449
v 0.43662175536156 2.13808941841125 -7.71997308731079
v -9.53453350067139 -2.92199683189392 -3.24264311790466
v -7.53864812850952 6.50385236740112 -5.90594720840454
v -11.10740947723389 2.02145075798035 -0.87727582454681
v -2.04916071891785 2.53561711311340 -7.69435358047485
v -1.17270088195801 -1.86636734008789 -7.73658084869385
v -7.50568675994873 -3.25837063789368 -2.59645462036133
v 2.33227348327637 10.35044384002686 -0.33955311775208
v -8.02687835693359 -3.65070700645447 -2.22319483757019
v -6.98958635330200 7.01566743850708 -4.82288694381714
v -8.58052539825439 5.44467687606812 -5.08472728729248
v -0.08695087581873 1.96416556835175 -8.02084922790527
v 5.16354131698608 7.88594150543213 -3.08128833770752
v 1.79319763183594 -0.12245034426451 -7.09620046615601
v 5.03814792633057 -1.32767236232758 -4.58384370803833
v -0.97133010625839 2.54759430885315 -7.22047328948975
v 9.72460460662842 5.78296899795532 -1.39984703063965
v -10.34222507476807 2.65953946113586 -3.88866353034973
v -5.18272638320923 -1.91052377223968 -7.47482585906982
v -3.88174223899841 -2.53801918029785 -7.50102138519287
v 10.10369110107422 4.65671873092651 -1.10150289535522
v 8.87506198883057 7.09696388244629 -1.68892729282379
v 8.52939987182617 7.08636331558228 -1.02935945987701
v -4.46060466766357 0.30211821198463 -8.75499820709229
v 2.33536434173584 0.17828470468521 -7.55332851409912
v -4.09477853775024 -1.55380022525787 -7.94958162307739
v -0.34426835179329 10.23967170715332 0.11355426162481
v 2.77939033508301 8.88246726989746 -2.95915293693542
v 3.18309068679810 1.10183358192444 -7.34070014953613
v 0.70242977142334 0.75390142202377 -8.14623641967773
v 0.07192743569613 0.60288149118423 -8.46852111816406
v -6.28739738464355 -1.47271656990051 -7.98545026779175
v -6.85275030136108 -1.06792747974396 -7.39059829711914
v -9.48050117492676 6.08252859115601 -2.23487162590027
v -0.51611882448196 0.00155285454821 -7.91638898849487
v 0.81734710931778 0.10666371881962 -7.31959247589111
v -0.65592181682587 1.98260915279388 -6.67672920227051
v -5.89153194427490 -0.30156287550926 -8.38791847229004
v -8.68262672424316 3.23369312286377 -6.40058708190918
v 3.31266570091248 0.55369877815247 -7.02207612991333
v -5.46733283996582 -2.35315346717834 -5.10698604583740
v 1.92629206180573 -2.39779019355774 -6.20294427871704
v 2.36039137840271 -0.66106092929840 -7.25052022933960
v -7.41094875335693 8.64288806915283 -0.09149125218391
v -0.04935872554779 4.42202568054199 -7.98772907257080
v -6.67444944381714 8.19505596160889 -3.31579494476318
v 2.60685420036316 -2.30007481575012 -1.78878009319305
v -10.16483497619629 5.51000118255615 -0.44087180495262
v -8.07935047149658 6.21807050704956 -4.86565542221069
v 2.60137963294983 9.80349254608154 -2.67906093597412
v -4.13345098495483 2.16590738296509 -6.24769401550293
v -8.76930427551270 1.02709853649139 -7.35750293731689
v -3.90832495689392 5.08882141113281 -8.14986228942871
v 2.05215430259705 -1.10740602016449 -1.40214025974274
v 3.93301796913147 -1.78556430339813 -1.77314376831055
v 3.34873819351196 -0.28907230496407 -1.84260010719299
v -10.54572677612305 2.06321477890015 -0.50292366743088
v -6.96106910705566 3.52078819274902 -7.47777891159058
v 4.09060192108154 9.83721065521240 -2.03127670288086
v 2.14064884185791 0.29138699173927 -1.61878836154938
v -10.25627136230469 0.74579691886902 -2.83799147605896
v -2.87883496284485 2.64819622039795 -6.36128568649292
v -8.20357894897461 6.38709449768066 -3.53467535972595
v -2.25134682655334 3.12313771247864 -5.77694559097290
v 4.00171995162964 9.97530174255371 -1.43236875534058
v -3.91383457183838 6.98894834518433 -5.91389036178589
v 5.16909837722778 0.69063341617584 -5.11527585983276
v -2.68543934822083 10.51026153564453 -1.20536625385284
v -8.17100334167480 7.15064334869385 -2.76805543899536
v -10.54729366302490 1.29175972938538 -2.85777974128723
v 3.17954421043396 2.01748061180115 -6.92988014221191
v -10.32455444335938 2.23950290679932 -3.22793149948120
v -0.06851082295179 10.79688930511475 -0.20655772089958
v 5.21169471740723 -0.82579958438873 -3.45469164848328
v 8.96688175201416 2.24395585060120 -4.00471115112305
v -10.17935371398926 -0.09319683164358 -3.68093156814575
v 9.36485862731934 5.19083595275879 -3.57730698585510
v 3.72364521026611 5.99372959136963 -5.94565248489380
v 3.75721979141235 -0.84889310598373 -1.66744792461395
v 9.31246852874756 2.17407941818237 -0.39415088295937
v -8.95641899108887 0.92000758647919 -6.56697940826416
v 0.60990679264069 2.38700175285339 -6.09024095535278
v 4.75476598739624 1.02711725234985 -6.31231164932251
v -3.13122701644897 6.16531753540039 -6.40083789825439
v 2.47181844711304 4.81518602371216 -6.91990852355957
v 6.49473237991333 1.52374672889709 -5.62551546096802
v -0.37850371003151 2.48901581764221 -7.00686120986938
v -7.80558395385742 5.93228769302368 -6.27048301696777
v -7.83996582031250 0.41404291987419 -6.94413900375366
v -7.50860452651978 5.35116100311279 -6.42500686645508
v -8.77129554748535 4.34113645553589 -6.46167945861816
v -8.72435092926025 2.15476465225220 -6.82655143737793
v -8.64696788787842 -3.61676073074341 -1.13424289226532
v -8.06432819366455 3.34665155410767 -7.37869501113892
v -7.22772169113159 5.17181539535522 -7.41919517517090
v -5.38194942474365 5.91410303115845 -7.45646667480469
v -2.12696194648743 10.10076332092285 -2.05050206184387
v -2.46625399589539 9.09747982025146 -2.78952217102051
v 2.76774716377258 8.97828483581543 -3.46700501441956
v 0.23817390203476 8.81462478637695 -4.45828962326050
v 1.22049903869629 7.88486814498901 -5.17761707305908
v 0.30946904420853 9.86513042449951 -3.00802946090698
v 0.36203497648239 10.41938591003418 -0.34105357527733
v -0.35155537724495 9.37226772308350 -2.85080575942993
v 3.81376004219055 0.42540404200554 -4.90413618087769
v -9.76686477661133 2.11304426193237 -5.57203531265259
v -2.68723201751709 8.40525913238525 -3.61136603355408
v -1.46584367752075 2.16063237190247 -6.78225755691528
v -7.50869560241699 -3.53658962249756 0.05161301046610
v -2.82986950874329 9.44362545013428 -3.09063816070557
v 9.24022483825684 3.65948867797852 -4.52357912063599
v 9.60299015045166 1.29075610637665 -1.60561072826386
v 8.03875064849854 1.47747337818146 -1.97549915313721
v -9.76438045501709 -2.30286026000977 -0.38009119033813
v -7.61485719680786 4.44801759719849 -7.50890684127808
v -6.70196056365967 1.39785361289978 -8.62917900085449
v -7.18161392211914 2.41794419288635 -7.91325902938843
v 1.66867208480835 -1.87527871131897 -1.75633227825165
v -0.96000015735626 -1.80962169170380 -3.57828092575073
v -4.24778556823730 -2.13257002830505 -4.73022174835205
v -8.38586521148682 -3.64088177680969 -0.24161075055599
v 6.65834569931030 0.54868787527084 -1.29227936267853
v -1.62934553623199 2.49759984016418 -6.53743362426758
v -10.11784172058105 -1.86864125728607 0.03508465737104
v -0.21955870091915 8.23986911773682 -4.45194149017334
v -0.36774876713753 8.08469867706299 -5.44183349609375
v -0.23774568736553 7.22903776168823 -6.02601766586304
v 0.07486937195063 8.64766311645508 -3.50253748893738
v -4.31391668319702 9.15938091278076 -3.63077068328857
v -6.99706697463989 8.80037021636963 -1.63621520996094
v 8.35756778717041 3.69535946846008 -5.32741117477417
v -6.50281333923340 8.20868778228760 -1.98924303054810
v -10.01667213439941 3.21637225151062 -0.39683160185814
v -10.11004829406738 3.71809172630310 -1.71969962120056
v -10.58747577667236 4.32367181777954 -0.49771583080292
v -0.54047518968582 5.96262979507446 -6.86731338500977
v -1.12351882457733 4.50242519378662 -8.05707740783691
v -2.27048659324646 -2.71813988685608 -4.80512523651123
v 9.92451953887939 1.72231352329254 -0.99364668130875
v -1.19663727283478 -2.35422706604004 -4.50464487075806
v -3.72955918312073 6.49125385284424 -6.88853025436401
v -5.73162412643433 -3.42342805862427 0.03259544819593
v -8.91772079467773 1.74907088279724 -6.43631124496460
v -5.71884298324585 0.81040143966675 -8.87265777587891
v 9.45386505126953 1.81563079357147 -2.43147492408752
v -10.46173000335693 2.14175891876221 -4.04279184341431
v -4.71520566940308 1.88486468791962 -8.71535015106201
v -0.87863326072693 -2.87871479988098 -6.63466882705688
v -9.74744796752930 2.67559456825256 -4.31090736389160
v -3.60083985328674 9.68939304351807 -1.33425843715668
v -2.33065986633301 1.96099758148193 -6.92205762863159
v -10.61414337158203 2.75943541526794 -0.31315571069717
v -9.86905860900879 -2.64150619506836 -1.10919928550720
v -5.89147281646729 7.59302806854248 -5.18803501129150
v -9.16452407836914 -3.55682682991028 -0.80701500177383
v -9.42035770416260 -3.12804579734802 -1.97418308258057
v -10.49659919738770 -2.13548183441162 -1.31642746925354
v -10.11153697967529 -2.57235383987427 -2.17769122123718
v -10.53104686737061 -1.05700743198395 -2.64829540252686
v -5.88782358169556 2.42662024497986 -8.53992271423340
v -1.59726643562317 8.77258586883545 -4.37017393112183
v -2.02410578727722 9.33092403411865 -3.55272197723389
v -4.41318273544312 9.82662010192871 -0.46676665544510
v -2.60190916061401 9.20029735565186 -1.61988222599030
v -7.72755861282349 7.43284988403320 -3.61235141754150
v -6.13173294067383 8.11010742187500 -4.80991506576538
v 6.19950485229492 6.77709674835205 -3.83252406120300
v 0.58554643392563 2.36635375022888 -7.24534893035889
v 5.66041040420532 8.19076347351074 -3.76534819602966
v 6.80112695693970 6.66715478897095 -4.65916776657104
v -5.84638643264770 9.27261829376221 -2.00480699539185
v -4.44746446609497 9.71932983398438 -1.83795869350433
v -4.77040386199951 10.13069725036621 -0.79335874319077
v -8.28691196441650 8.31805992126465 -0.97232753038406
v -7.08467245101929 9.23608970642090 -0.73772722482681
v 1.09400725364685 2.54402232170105 -6.88813257217407
v -6.29589319229126 -2.91212439537048 -5.83484649658203
v -7.28184318542480 8.78535938262939 -0.38640323281288
v -6.16416788101196 -3.62735962867737 -6.16758203506470
v -10.60925769805908 1.62237083911896 -0.26587566733360
v -8.72471714019775 -3.69343042373657 -0.30163487792015
v -0.22505310177803 1.34537553787231 -8.42408466339111
v -5.38000583648682 9.68091583251953 -0.10421463102102
v 4.35725688934326 1.34984278678894 -5.94982814788818
v -3.29660320281982 8.87064456939697 -3.86657023429871
v 4.17508649826050 0.14634856581688 -1.80812394618988
v 8.41353893280029 7.43868875503540 -0.77668750286102
v 8.26153278350830 6.27355241775513 -0.15749943256378
v -6.19756460189819 9.51837062835693 -0.76494306325912
v -0.19630177319050 2.05836415290833 -7.15034484863281
v -10.80055141448975 3.65883803367615 -0.65304380655289
v 2.79208111763000 0.52423816919327 0.01347014307976
v -2.88544702529907 3.13543415069580 -7.88877773284912
v 2.90861749649048 8.80263042449951 -3.94543290138245
v 3.95935821533203 7.84475803375244 -4.77316856384277
v -2.57304120063782 3.23243641853333 -7.20444154739380
v 2.32116246223450 2.53964495658875 -6.57114028930664
v -2.02547025680542 1.61187303066254 -8.94196987152100
v -2.87395858764648 2.14440894126892 -8.87763786315918
v -10.08000659942627 -0.58030253648758 -0.13801270723343
v 4.21122360229492 8.84768676757812 -3.60859251022339
v 5.74141454696655 -0.04962109029293 -0.01331489067525
v 8.39020061492920 1.62350237369537 -2.52917909622192
v 6.48264122009277 1.79631614685059 -4.72161531448364
v -0.63707739114761 10.04915523529053 -2.59990978240967
v 4.10407257080078 -2.34649085998535 -2.83904361724854
v 6.39164686203003 1.91860914230347 -3.12111544609070
v 2.81911730766296 -3.07908678054810 -2.80403995513916
v 3.30260539054871 -2.05547070503235 -2.36888384819031
v 5.88014268875122 1.19738507270813 -5.02780771255493
v 0.75004798173904 -2.82395291328430 -3.17698836326599
v 8.72131443023682 1.23985934257507 -1.58426296710968
v 6.76507616043091 1.50802898406982 -2.30666351318359
v 8.58538341522217 0.55983686447144 -0.94257491827011
v 9.23979091644287 0.87325447797775 -0.41373479366302
v 1.65194869041443 -2.57811641693115 -2.37344431877136
v 4.58097600936890 0.60256534814835 -3.16977596282959
v -9.43755340576172 3.03119730949402 -5.26284360885620
v 9.40689182281494 1.85750234127045 -0.18919081985950
v -4.18384838104248 2.67051386833191 -6.83651018142700
v -3.60743308067322 2.54938316345215 -6.99377012252808
v -3.35302591323853 3.79974007606506 -8.42538166046143
v -6.94227409362793 9.04101371765137 -0.06277517229319
v -2.86296010017395 0.18364246189594 -8.29012966156006
v -3.60864758491516 0.21623030304909 -7.91257381439209
v 1.60484433174133 7.65701580047607 -5.03246498107910
v 9.79409217834473 3.96283531188965 -3.39247083663940
v -6.02795076370239 -3.60951805114746 -2.68352341651916
v -9.73232173919678 5.09855556488037 -2.78809571266174
v -8.72972965240479 5.19104290008545 -3.36005139350891
v -7.70535659790039 -3.39937639236450 -3.18765854835510
v 7.51517868041992 6.33211040496826 -4.31205558776855
v 7.10905265808105 5.24837923049927 -5.31878376007080
v -2.27976632118225 -2.27126622200012 -5.34207725524902
v 8.53847980499268 4.97926807403564 -4.69611549377441
v 8.89355850219727 4.59442281723022 -2.07016706466675
v 7.61327028274536 3.04124402999878 -5.72839117050171
v 6.51831388473511 3.71040964126587 -5.96138381958008
v 6.89018964767456 2.62449979782104 -5.56197547912598
v 8.39658451080322 5.15689325332642 -2.72409534454346
v -2.51214456558228 10.56728458404541 -0.27288225293159
v -6.98402738571167 1.58368039131165 -7.93757057189941
v -5.30686187744141 -0.10698385536671 -8.05764198303223
v -4.05634403228760 10.05544090270996 0.06136541441083
v -2.38785600662231 -3.03207015991211 -6.29608917236328
v -2.66325664520264 -2.86902403831482 -5.43553304672241
v -6.32604265213013 0.67524904012680 -8.49241447448730
v -1.39181113243103 -0.38227680325508 -8.29612922668457
v -0.28707066178322 -2.65405344963074 -4.12286472320557
v 8.74945545196533 5.51669931411743 0.10357274115086
v -10.07485961914062 -2.01500701904297 -0.03508866578341
v 0.33993440866470 -0.47872760891914 -8.04381656646729
v 1.21380984783173 -2.85675573348999 -3.58731627464294
v -3.91449713706970 -0.74127459526062 -8.25990200042725
v -3.72858166694641 10.39616107940674 -0.68348652124405
v 9.35390949249268 5.68310976028442 -0.54443913698196
v -9.54714012145996 0.97956687211990 -6.13645553588867
# 599 vertices

o Brain_Far
usemtl default
f 967 718 1060
f 771 764 772
f 897 762 1175
f 1134 1121 1118
f 922 720 927
f 1207 690 1144
f 745 784 637
f 1152 1197 1149
f 1160 1166 955
f 955 901 867
f 822 824 1070
f 775 781 641
f 876 1027 645
f 878 1054 817
f 788 1016 743
f 875 1027 876
f 1134 818 914
f 985 1023 977
f 1112 838 941
f 784 670 637
f 874 875 876
f 1004 1010 1005
f 765 834 744
f 1089 953 952
f 833 702 1122
f 1156 1004 1005
f 665 773 920
f 1137 1218 1229
f 1047 803 681
f 1031 1126 730
f 1120 1050 1044
f 1192 668 1123
f 690 688 1144
f 900 669 725
f 669 900 1066
f 920 766 653
f 979 1125 990
f 660 742 782
f 811 782 742
f 749 1125 728
f 994 795 750
f 750 950 994
f 1200 816 1075
f 791 805 807
f 1154 1031 978
f 807 1111 791
f 845 772 721
f 990 1082 1011
f 739 947 978
f 862 767 768
f 1164 975 986
f 846 847 989
f 1214 1201 672
f 672 1201 1085
f 648 664 824
f 662 824 664
f 701 989 847
f 1097 1082 1125
f 1175 1169 1168
f 927 720 852
f 861 971 972
f 1191 1184 1181
f 1214 1210 1201
f 1229 1218 1215
f 668 1080 1231
f 804 873 708
f 793 1023 985
f 1016 910 704
f 641 640 639
f 657 837 1148
f 646 643 642
f 911 890 996
f 946 994 950
f 654 652 651
f 1219 1220 697
f 1212 962 866
f 839 1044 714
f 659 658 657
f 1134 1118 1090
f 662 661 660
f 670 666 663
f 714 715 947
f 674 673 671
f 653 766 1007
f 1101 1100 806
f 1017 703 912
f 944 1101 942
f 975 1156 986
f 990 1011 1164
f 1129 1067 1155
f 690 689 688
f 758 1057 1041
f 861 989 957
f 700 698 697
f 957 969 971
f 704 703 701
f 675 1070 824
f 1030 1053 738
f 949 643 946
f 697 1153 949
f 1228 821 769
f 983 981 842
f 1046 1120 1044
f 711 710 709
f 715 714 713
f 721 718 716
f 726 723 722
f 863 839 812
f 914 742 660
f 734 733 727
f 764 967 1060
f 1148 837 1152
f 674 888 673
f 839 1046 1044
f 978 947 1154
f 1122 702 1219
f 693 875 872
f 1170 693 1038
f 1034 1028 1030
f 1059 922 705
f 1075 1168 1200
f 1121 756 755
f 1224 1230 1162
f 921 859 1168
f 763 760 758
f 907 908 921
f 1077 1047 1001
f 695 1023 793
f 793 985 737
f 780 779 657
f 790 886 1103
f 1027 664 645
f 786 790 1103
f 790 786 783
f 794 792 791
f 803 802 799
f 808 807 805
f 1169 762 679
f 1084 1072 1081
f 1227 1185 1223
f 817 815 813
f 643 646 993
f 769 1217 1221
f 822 1069 954
f 824 822 820
f 827 826 825
f 931 1172 1173
f 1192 1080 668
f 804 992 809
f 646 856 993
f 809 730 804
f 972 1003 1057
f 648 871 1128
f 672 1085 694
f 840 837 836
f 837 844 841
f 661 1196 1167
f 848 847 846
f 850 704 701
f 693 1170 875
f 855 895 907
f 907 921 855
f 763 758 1041
f 880 1131 735
f 856 642 853
f 957 989 701
f 862 858 857
f 729 862 857
f 780 1020 779
f 840 1018 1152
f 896 711 709
f 731 1119 1049
f 1192 1013 1080
f 1050 709 881
f 1203 708 1008
f 1203 804 708
f 1136 1081 1072
f 899 1231 959
f 729 767 862
f 752 792 794
f 1114 1223 751
f 1132 1133 710
f 884 710 711
f 1184 716 718
f 957 971 861
f 696 684 1194
f 1130 842 1067
f 678 834 665
f 911 913 890
f 875 874 872
f 877 874 876
f 1133 1131 880
f 1157 1137 1147
f 1149 1104 657
f 638 815 1119
f 1149 1157 1147
f 747 858 862
f 781 970 980
f 983 1130 857
f 1184 718 1178
f 892 891 890
f 1132 710 976
f 701 703 957
f 801 795 1000
f 898 897 894
f 1149 1197 1157
f 666 803 1047
f 906 904 902
f 918 913 911
f 738 1053 644
f 901 1187 1096
f 634 832 1202
f 927 926 922
f 910 951 641
f 784 745 770
f 1091 818 1134
f 944 942 940
f 1020 780 835
f 1222 1226 800
f 1071 799 796
f 783 826 869
f 962 726 958
f 970 781 785
f 765 665 834
f 968 967 964
f 697 949 946
f 697 946 950
f 1040 753 752
f 1040 667 753
f 639 1017 912
f 972 971 969
f 975 974 973
f 1020 659 779
f 733 941 727
f 1114 941 733
f 871 984 1128
f 1068 669 1066
f 821 1217 769
f 1048 774 846
f 1100 797 1099
f 1005 1172 931
f 930 931 1173
f 991 996 1230
f 1006 1007 654
f 663 982 670
f 983 857 858
f 1207 866 690
f 960 1058 682
f 1144 1141 1207
f 995 918 991
f 891 997 996
f 1004 1003 999
f 1010 1009 1005
f 794 1058 752
f 1184 1191 716
f 704 743 1016
f 755 1199 998
f 1061 691 757
f 1106 1104 1163
f 1092 1190 1021
f 1021 1028 1092
f 756 1173 860
f 741 1041 761
f 1076 810 1078
f 859 816 1200
f 810 1076 666
f 1029 1028 1021
f 966 744 853
f 1144 688 679
f 771 962 1212
f 1169 679 688
f 647 711 896
f 647 896 899
f 1027 662 664
f 1033 1039 936
f 1139 659 835
f 996 991 911
f 1202 1015 1094
f 1015 698 1094
f 645 1115 1058
f 820 1062 977
f 1024 965 1033
f 1117 687 1055
f 1064 1062 820
f 1068 1066 1065
f 1075 1074 1168
f 1078 803 1076
f 929 925 923
f 1179 796 799
f 996 997 1230
f 833 1122 789
f 1118 1221 1090
f 719 1002 1073
f 1089 1068 1065
f 1113 1086 1119
f 1189 1188 1086
f 1026 687 1117
f 1066 1117 1013
f 833 789 734
f 1091 1134 1090
f 808 797 1100
f 1046 863 992
f 778 1208 1112
f 700 1094 698
f 1191 823 955
f 857 884 729
f 976 710 884
f 1121 933 930
f 1121 930 756
f 923 925 981
f 921 1169 855
f 655 848 743
f 743 704 850
f 687 652 1063
f 766 687 1063
f 976 857 1132
f 857 976 884
f 1003 1014 999
f 778 1112 1094
f 682 877 960
f 1080 1117 1055
f 1109 708 1108
f 1165 873 730
f 1111 1110 944
f 874 877 1111
f 773 665 765
f 1119 817 1113
f 768 773 765
f 937 770 674
f 1188 1176 1096
f 1048 989 760
f 1130 1129 1127
f 1133 1132 1131
f 805 1136 1135
f 1229 1138 1137
f 937 891 934
f 894 897 1175
f 1153 929 923
f 1144 1143 1141
f 1147 1146 1145
f 1152 1149 1148
f 848 846 1180
f 787 1182 734
f 832 634 633
f 730 1126 1165
f 869 826 1140
f 973 1003 1156
f 740 1182 956
f 966 853 1151
f 1073 1168 1074
f 1145 1146 790
f 1159 805 791
f 1176 1166 1160
f 1178 1177 1181
f 1183 1182 1180
f 1127 1129 748
f 1043 837 657
f 1183 1180 774
f 657 1148 1149
f 1142 1056 1061
f 1185 1092 1093
f 1188 1187 1186
f 1179 802 1078
f 1195 1194 661
f 1196 661 662
f 665 920 653
f 807 1101 1110
f 691 831 757
f 727 833 734
f 727 838 702
f 1209 1207 1206
f 1213 1212 1211
f 1221 1217 1216
f 714 947 739
f 1009 1226 1222
f 839 714 739
f 995 904 906
f 1091 1068 683
f 944 1110 1101
f 1077 663 666
f 702 833 727
f 921 1168 1169
f 1029 1053 1028
f 644 774 1048
f 804 730 873
f 940 942 814
f 994 993 868
f 1217 1012 651
f 789 1122 951
f 637 982 636
f 876 645 960
f 667 664 648
f 1146 1124 886
f 1106 1145 783
f 851 879 772
f 694 692 680
f 813 815 638
f 851 726 879
f 650 649 647
f 678 665 653
f 685 660 684
f 780 657 1106
f 842 1130 983
f 685 684 696
f 699 962 958
f 981 1205 842
f 722 1059 958
f 712 706 705
f 1118 769 1221
f 687 766 920
f 841 938 836
f 1008 844 1043
f 924 747 1151
f 735 714 732
f 737 736 804
f 802 1179 799
f 1026 1066 900
f 753 792 752
f 876 960 877
f 771 1212 764
f 843 864 1198
f 764 721 772
f 657 779 659
f 889 843 1198
f 780 1106 783
f 826 893 825
f 944 712 1019
f 785 781 775
f 789 788 787
f 798 797 796
f 816 814 806
f 726 722 958
f 1090 1221 1216
f 1111 944 1019
f 940 814 916
f 1033 965 1039
f 672 694 1209
f 830 829 828
f 1039 943 935
f 943 1039 965
f 924 1151 1153
f 804 849 737
f 855 1169 688
f 816 859 814
f 755 756 860
f 966 1151 747
f 1112 1208 838
f 1208 702 838
f 975 973 1156
f 965 1024 666
f 699 909 1052
f 878 906 902
f 1210 918 906
f 881 1133 880
f 668 899 896
f 889 1005 1009
f 814 908 907
f 1172 1005 889
f 699 958 909
f 1100 1101 808
f 796 797 1135
f 935 943 784
f 943 965 670
f 775 641 951
f 723 720 722
f 1150 927 852
f 851 852 723
f 912 703 910
f 980 970 795
f 1226 1009 1010
f 1057 758 972
f 795 970 785
f 1052 909 907
f 814 907 916
f 706 712 940
f 889 860 1173
f 843 889 1009
f 1222 843 1009
f 1071 796 1136
f 1142 927 1150
f 924 923 983
f 883 1011 1082
f 708 1109 1022
f 929 928 925
f 1186 1177 1086
f 696 933 1121
f 696 1025 933
f 1055 1231 1080
f 1231 1055 959
f 932 931 930
f 930 933 932
f 934 891 892
f 937 936 935
f 657 658 1043
f 1046 839 863
f 1127 1131 1132
f 1071 1136 1072
f 948 939 713
f 642 643 949
f 951 950 785
f 953 829 952
f 670 965 666
f 1064 820 954
f 854 913 903
f 647 899 959
f 910 639 912
f 1017 639 988
f 721 716 1079
f 810 666 1024
f 1211 964 1213
f 1166 716 955
f 1144 679 1143
f 862 768 765
f 984 977 963
f 985 1062 829
f 990 986 931
f 986 1156 931
f 1105 964 1211
f 1037 1043 658
f 678 1006 1000
f 652 654 1007
f 1022 1008 708
f 996 890 891
f 911 991 918
f 963 977 1023
f 1033 898 1024
f 707 1019 712
f 935 936 1039
f 1091 725 1068
f 874 1111 1019
f 916 705 706
f 682 1058 794
f 1070 811 1069
f 1176 1160 867
f 1089 915 1032
f 1179 1078 796
f 1050 1120 896
f 640 641 781
f 868 993 1000
f 980 795 801
f 741 763 1041
f 1158 1057 1045
f 801 800 980
f 743 850 655
f 1155 748 1129
f 716 1191 955
f 1205 746 832
f 997 1161 1162
f 1147 1163 1149
f 1012 821 1006
f 713 735 676
f 952 1064 954
f 932 933 1025
f 842 1205 919
f 1136 796 1135
f 1071 681 799
f 698 1153 697
f 636 635 745
f 1167 1036 1195
f 719 810 1002
f 1161 997 891
f 837 841 836
f 822 1070 1069
f 1072 1138 1071
f 980 640 781
f 980 800 640
f 1084 1081 1159
f 831 1019 707
f 1194 684 661
f 684 660 661
f 889 1173 1172
f 1048 763 644
f 717 866 699
f 1177 1119 1086
f 1186 1087 1177
f 841 844 938
f 717 699 1052
f 872 691 693
f 1021 1183 1029
f 917 1194 1195
f 806 1100 1099
f 808 1101 807
f 783 1145 790
f 1106 657 1104
f 1084 1159 1103
f 1103 792 786
f 916 706 940
f 767 711 647
f 1201 724 638
f 999 1014 776
f 1085 1201 638
f 1010 1004 999
f 1164 1011 883
f 934 987 898
f 937 934 936
f 1121 685 696
f 1121 1134 685
f 938 844 1008
f 1160 955 867
f 915 742 914
f 1203 1008 1043
f 988 999 776
f 662 660 782
f 1138 1124 1137
f 988 776 1017
f 960 645 1058
f 1072 1084 1138
f 1108 708 873
f 886 790 1146
f 866 1207 680
f 825 1128 827
f 1140 984 1139
f 1230 904 995
f 928 1015 746
f 777 1174 1225
f 829 953 828
f 1186 1187 1087
f 1087 1187 1181
f 671 1161 674
f 1227 740 956
f 926 927 1142
f 1167 1196 875
f 1163 1104 1149
f 853 642 1151
f 997 1162 1230
f 1106 1163 1145
f 875 1196 1027
f 924 1153 923
f 1124 1147 1137
f 1085 731 656
f 928 698 1015
f 1167 1195 661
f 1163 1147 1145
f 1170 1038 1036
f 1162 1161 671
f 664 1115 645
f 1171 1158 1045
f 974 1171 973
f 872 831 691
f 640 800 639
f 1010 639 1226
f 832 1083 919
f 695 1037 963
f 848 1180 1182
f 787 734 789
f 735 713 714
f 1143 679 762
f 755 860 1198
f 832 633 1083
f 903 913 1051
f 1010 988 639
f 1198 1199 755
f 903 1141 854
f 729 884 711
f 767 649 768
f 896 709 1050
f 1138 1229 1042
f 1042 681 677
f 681 1071 677
f 1203 849 804
f 725 1091 1216
f 725 1216 651
f 1113 817 1193
f 849 1203 1204
f 1220 1219 1208
f 883 1082 1097
f 733 1227 1223
f 954 1069 952
f 775 951 785
f 1190 956 1021
f 1198 864 1228
f 1000 821 1228
f 656 1049 968
f 883 975 1164
f 1085 638 731
f 774 1180 846
f 672 1209 1051
f 1051 1209 903
f 676 948 713
f 1131 1127 1098
f 1042 1229 1215
f 1111 686 791
f 1114 1112 941
f 754 1112 751
f 1203 1043 1037
f 984 1037 1139
f 764 1060 721
f 1147 1124 1146
f 926 712 922
f 806 942 1101
f 644 1053 1029
f 1026 1117 1066
f 741 738 763
f 920 773 650
f 650 647 959
f 634 1202 1116
f 1126 1107 1165
f 1089 683 1068
f 705 909 1059
f 1125 1082 990
f 890 854 1141
f 903 1209 1206
f 1164 986 990
f 811 915 1069
f 1192 736 737
f 819 737 830
f 1069 915 952
f 1131 1098 735
f 668 1231 899
f 880 735 881
f 687 650 959
f 701 847 850
f 760 763 1048
f 925 928 746
f 942 806 814
f 878 817 724
f 897 898 987
f 1205 981 925
f 1037 984 963
f 849 1204 695
f 709 710 1133
f 956 1190 1227
f 959 1055 687
f 1007 1063 652
f 1202 832 746
f 919 1205 832
f 909 958 1059
f 722 720 1059
f 848 655 847
f 988 1010 999
f 900 651 1026
f 788 743 848
f 719 1102 810
f 707 712 926
f 1119 815 817
f 1024 898 894
f 1115 667 1040
f 667 648 825
f 845 851 772
f 783 893 826
f 1078 1102 798
f 771 879 962
f 1008 1022 938
f 796 1078 798
f 1210 906 724
f 709 1133 881
f 1138 886 1124
f 981 983 923
f 746 1015 1202
f 1094 1112 754
f 1027 1196 662
f 824 662 675
f 677 1071 1138
f 893 783 786
f 803 799 681
f 794 877 682
f 1156 1005 931
f 897 987 1143
f 1109 865 1107
f 819 1192 737
f 794 686 877
f 1117 1080 885
f 1081 1136 805
f 782 675 662
f 1081 805 1159
f 1188 1186 1086
f 811 1070 675
f 787 848 1182
f 950 1219 697
f 1122 1219 950
f 1112 1114 751
f 807 1110 1111
f 686 794 791
f 1091 683 818
f 974 975 883
f 811 675 782
f 1059 720 922
f 992 1123 668
f 736 992 804
f 1155 1067 919
f 734 1182 740
f 660 685 1134
f 760 861 758
f 1084 1103 886
f 989 861 760
f 677 1138 1042
f 1084 886 1138
f 1042 1215 681
f 1045 973 1171
f 778 1220 1208
f 1065 828 953
f 724 813 638
f 817 813 724
f 757 1142 1061
f 991 1230 995
f 989 1048 846
f 785 750 795
f 1064 952 829
f 902 904 1224
f 1191 1181 823
f 1087 1181 1177
f 1062 1064 829
f 736 1192 1123
f 752 1058 1040
f 992 736 1123
f 1103 1159 792
f 792 1159 791
f 1115 1040 1058
f 1227 1190 1185
f 1223 1185 1093
f 891 937 945
f 1220 778 700
f 732 1035 881
f 1073 894 1175
f 719 1073 1074
f 1214 672 1051
f 680 1209 694
f 1107 865 1165
f 874 831 872
f 800 1226 639
f 864 801 1000
f 745 637 636
f 732 881 735
f 1198 860 889
f 765 747 862
f 819 1013 1192
f 647 649 767
f 863 812 809
f 812 978 809
f 1031 730 809
f 973 1045 1003
f 967 1213 964
f 1209 680 1207
f 764 1213 967
f 850 847 655
f 827 1128 1140
f 811 742 915
f 1151 642 1153
f 949 1153 642
f 882 1158 1171
f 825 893 887
f 887 792 753
f 816 1099 1075
f 816 806 1099
f 723 852 720
f 1074 1102 719
f 1102 1099 797
f 805 1135 808
f 1217 821 1012
f 910 641 639
f 978 1031 809
f 1108 865 1109
f 1078 810 1102
f 798 1102 797
f 787 788 848
f 1183 774 1029
f 774 644 1029
f 919 1083 1095
f 1135 797 808
f 705 922 712
f 1032 915 914
f 692 1085 656
f 692 694 1085
f 1032 683 1089
f 1105 680 692
f 1046 992 668
f 809 992 863
f 758 861 972
f 1041 1057 1158
f 887 893 786
f 786 792 887
f 1014 1003 972
f 687 920 650
f 766 1063 1007
f 926 1142 757
f 977 1062 985
f 840 1152 837
f 678 653 1007
f 1078 802 803
f 929 1153 698
f 987 1141 1143
f 987 934 892
f 1155 919 1095
f 1130 1067 1129
f 1165 865 873
f 664 667 1115
f 1158 761 1041
f 770 888 674
f 652 687 1026
f 652 1026 651
f 692 656 1105
f 800 864 1222
f 951 1122 950
f 656 964 1105
f 993 994 643
f 721 1060 718
f 707 757 831
f 643 994 946
f 1208 1219 702
f 1088 1098 1127
f 1088 1127 748
f 686 1111 877
f 836 1018 840
f 689 866 717
f 689 895 688
f 638 1119 731
f 1119 1177 1049
f 1006 821 1000
f 654 651 1012
f 1003 1045 1057
f 1185 1190 1092
f 874 1019 831
f 905 1054 878
f 1014 972 969
f 1052 895 717
f 728 979 932
f 931 932 979
f 717 895 689
f 1210 724 1201
f 977 984 871
f 1140 1128 984
f 1113 1189 1086
f 1193 1189 1113
f 878 724 906
f 1073 1175 1168
f 857 1130 1132
f 1132 1130 1127
f 649 773 768
f 649 650 773
f 924 983 858
f 858 747 924
f 969 776 1014
f 828 1065 819
f 953 1089 1065
f 961 734 740
f 1017 776 703
f 873 865 1108
f 812 839 739
f 637 670 982
f 1222 864 843
f 670 784 943
f 820 871 648
f 1068 725 669
f 1216 1091 1090
f 824 820 648
f 1214 918 1210
f 906 918 995
f 1013 819 1066
f 1187 823 1181
f 762 897 1143
f 1049 656 731
f 902 905 878
f 994 868 795
f 772 879 771
f 1067 842 919
f 856 646 642
f 1120 668 896
f 1046 668 1120
f 678 856 834
f 1182 1021 956
f 733 961 1227
f 715 713 939
f 1134 914 660
f 957 703 969
f 703 776 969
f 993 856 678
f 1000 993 678
f 683 1032 818
f 1032 914 818
f 1212 680 1105
f 689 690 866
f 757 707 926
f 680 1212 866
f 749 883 1097
f 712 944 940
f 866 962 699
f 695 963 1023
f 955 823 1187
f 1030 1028 1053
f 721 1079 845
f 1096 1187 1188
f 1125 749 1097
f 728 1125 979
f 750 785 950
f 925 746 1205
f 990 931 979
f 784 770 935
f 1033 936 898
f 1156 1003 1004
f 753 667 825
f 937 935 770
f 964 656 968
f 1105 1211 1212
f 825 887 753
f 966 747 765
f 695 793 849
f 765 744 966
f 968 1049 1177
f 968 1177 967
f 910 703 704
f 910 1016 951
f 737 849 793
f 909 705 916
f 967 1178 718
f 1036 1167 1170
f 909 916 907
f 1006 654 1012
f 1161 945 674
f 952 915 1089
f 764 1212 1213
f 937 674 945
f 1037 658 1139
f 658 659 1139
f 711 767 729
f 817 1054 1193
f 1178 1181 1184
f 734 961 733
f 755 998 1118
f 763 738 644
f 1002 1024 894
f 735 1098 676
f 801 864 800
f 756 930 1173
f 1073 1002 894
f 1000 1228 864
f 830 828 819
f 789 951 788
f 1066 819 1065
f 987 892 1141
f 1016 788 951
f 795 868 1000
f 867 901 1096
f 1227 961 740
f 1141 892 890
f 676 1098 948
f 700 778 1094
f 1075 1099 1074
f 1177 1178 967
f 1200 1168 859
f 1043 844 837
f 1096 1176 867
f 1187 901 955
f 885 1013 1117
f 1102 1074 1099
f 945 1161 891
f 941 838 727
f 820 977 871
f 1013 885 1080
f 751 1223 1093
f 733 1223 1114
f 890 913 854
f 1128 825 648
f 1182 1183 1021
f 1139 835 1140
f 869 1140 835
f 820 822 954
f 725 651 900
f 1216 1217 651
f 1076 803 666
f 1007 1006 678
f 1199 1198 1228
f 1050 1035 1044
f 1024 1002 810
f 714 1044 732
f 1140 826 827
f 745 888 770
f 904 1230 1224
f 932 1025 728
f 739 978 812
f 1220 700 697
f 898 936 934
f 835 659 1020
f 875 1170 1167
f 1175 762 1169
f 985 829 830
f 737 985 830
f 869 780 783
f 835 780 869
f 666 1047 1077
f 1047 681 759
f 913 918 1214
f 913 1214 1051
f 755 1118 1121
f 1044 1035 732
f 1035 1050 881
f 998 769 1118
f 723 726 851
f 962 879 726
f 1141 903 1206
f 1141 1206 1207
f 695 1204 1037
f 834 856 744
f 1203 1037 1204
f 853 744 856
f 928 929 698
f 759 1001 1047
f 1199 769 998
f 870 888 745
f 745 635 870
f 895 855 688
f 907 895 1052
f 1116 1202 754
f 1202 1094 754

v -5.34170627593994 -3.06791090965271 -0.03382270410657
v -4.20364189147949 -2.98751854896545 -0.67334353923798
v -3.51461076736450 -6.21928930282593 -0.03725970908999
v -3.61659646034241 -6.23245000839233 1.07451629638672
v -3.71686458587646 -6.45332813262939 0.98223620653152
v -0.20082168281078 -1.47770810127258 3.57410287857056
v 2.19065070152283 -2.26660895347595 -0.89504384994507
v -1.41283655166626 -4.50140905380249 -0.72741574048996
v -3.87932658195496 -4.64964818954468 -0.83953160047531
v -2.69566607475281 -5.27667474746704 -1.30678296089172
v 2.11359572410583 0.43281918764114 2.23156237602234
v -3.25218701362610 -1.85539948940277 1.25929248332977
v -0.41691580414772 -3.55794072151184 -0.03737975656986
v -1.38908481597900 -4.33287811279297 -0.03727173805237
v -3.28715014457703 -1.77583718299866 -1.29061150550842
v -5.34415817260742 -3.06618618965149 -0.03727146238089
v -1.41285693645477 -4.50143146514893 0.65319627523422
v -1.70840299129486 -3.13524436950684 -2.59137558937073
v -1.67871880531311 -2.06591629981995 -2.17006754875183
v 2.09903192520142 -2.49763917922974 -0.03727183863521
v 2.18901777267456 -2.27441573143005 0.81657618284225
v -3.46710848808289 -3.32858371734619 -1.39229965209961
v -1.81208658218384 -2.08145451545715 3.81027603149414
v -4.87967729568481 -7.16780710220337 0.59863233566284
v -4.23340511322021 -7.25638818740845 0.70798867940903
v -4.24846410751343 -4.17269802093506 -0.03739159181714
v -0.94010096788406 -3.18385863304138 -2.06762361526489
v -2.77947521209717 -4.55321264266968 1.72107839584351
v -3.26376581192017 -4.33287477493286 1.67493629455566
v -2.13487625122070 -3.98299121856689 2.28033638000488
v -0.48325702548027 -2.20463299751282 1.82534432411194
v -1.86960232257843 -4.58104944229126 1.28745627403259
v -1.12911820411682 -4.02931785583496 0.96640825271606
v -4.11101770401001 -7.45317888259888 0.49945226311684
v -4.22504901885986 -5.23142004013062 -0.03727163374424
v -3.84011292457581 -4.46784210205078 0.91371637582779
v -4.57390308380127 -6.45899152755737 0.67525231838226
v -2.77947545051575 -4.55321264266968 -1.48569571971893
v -2.82278299331665 -2.33450961112976 -1.62656354904175
v 1.89564573764801 0.71306782960892 -2.40705013275146
v -0.19046947360039 -1.47917771339416 -3.68594479560852
v -0.50377959012985 -2.22845935821533 -1.91487574577332
v -1.86955153942108 -4.58099317550659 -1.36181974411011
v -1.12940025329590 -4.02937698364258 -1.04113173484802
v -3.99876737594604 -6.76673650741577 -0.91816580295563
v -4.11102962493896 -7.45318078994751 -0.57393574714661
v -3.60539388656616 -6.21245670318604 -0.69268769025803
v -3.60547590255737 -6.21261310577393 0.61836028099060
v -3.19775962829590 -5.18292713165283 -1.44795918464661
v -3.50311970710754 -4.54149580001831 -1.26765561103821
v -3.61664748191834 -6.23250627517700 -1.14886772632599
v -4.07485151290894 -7.57568502426147 -0.03729573264718
v -0.94052064418793 -3.18410325050354 1.99376428127289
v -3.26356577873230 -4.33290576934814 -1.74951565265656
v -2.13470458984375 -3.98279047012329 -2.35486769676208
v -2.73382568359375 -2.45478677749634 -2.09500765800476
v -3.99875545501709 -6.76673460006714 0.92815232276916
v -3.46710848808289 -3.32858371734619 1.31802034378052
v -2.82278275489807 -2.33450961112976 1.55200839042664
v -1.70861041545868 -3.13551783561707 2.51691627502441
v -1.67564630508423 -2.06634068489075 2.09667634963989
v -2.73343300819397 -2.45438623428345 2.02084851264954
v -5.33535194396973 -3.05337882041931 -0.03908964619040
v -1.80158770084381 -2.02366209030151 -3.79947137832642
v -4.20552968978882 -2.99602365493774 0.60205245018005
v -2.69569277763367 -5.27686882019043 1.20247304439545
v 4.21409511566162 0.78554266691208 -0.03722381591797
v -4.76736593246460 -7.12579727172852 -0.08532007783651
v -4.79959106445312 -7.13996410369873 -0.75912332534790
v -4.57389879226685 -6.45908546447754 -0.89876651763916
v -3.70307350158691 -6.53092002868652 -0.98419857025146
v -3.17349314689636 -5.50885105133057 1.31345188617706
# 72 vertices

o Stem_1
usemtl default
f 1272 1250 1295
f 1240 1301 1266
f 1293 1292 1290
f 1290 1254 1243
f 1261 1291 1293
f 1247 1246 1233
f 1262 1237 1292
f 1266 1301 1299
f 1303 1259 1267
f 1300 1277 1299
f 1268 1255 1256
f 1239 1275 1244
f 1245 1239 1244
f 1253 1246 1270
f 1296 1257 1267
f 1297 1263 1259
f 1270 1287 1253
f 1289 1296 1267
f 1275 1238 1244
f 1248 1263 1279
f 1268 1235 1267
f 1250 1287 1270
f 1255 1283 1265
f 1255 1268 1299
f 1278 1277 1276
f 1243 1289 1290
f 1282 1278 1302
f 1268 1266 1299
f 1299 1301 1300
f 1250 1273 1249
f 1252 1251 1298
f 1249 1286 1287
f 1287 1286 1285
f 1248 1264 1263
f 1264 1248 1244
f 1264 1252 1284
f 1269 1280 1281
f 1278 1276 1302
f 1302 1276 1301
f 1245 1248 1279
f 1249 1258 1286
f 1241 1274 1278
f 1273 1271 1238
f 1240 1266 1257
f 1266 1267 1257
f 1288 1268 1256
f 1265 1288 1256
f 1284 1262 1291
f 1301 1282 1302
f 1282 1301 1240
f 1262 1284 1252
f 1293 1290 1289
f 1242 1262 1252
f 1257 1296 1232
f 1301 1276 1300
f 1279 1235 1236
f 1284 1291 1261
f 1245 1234 1278
f 1232 1296 1294
f 1253 1281 1240
f 1282 1281 1280
f 1238 1275 1258
f 1261 1260 1259
f 1273 1272 1271
f 1273 1258 1249
f 1233 1257 1232
f 1282 1241 1278
f 1274 1239 1278
f 1275 1239 1274
f 1239 1245 1278
f 1274 1269 1286
f 1274 1241 1269
f 1235 1268 1236
f 1288 1279 1236
f 1263 1297 1279
f 1288 1236 1268
f 1257 1233 1240
f 1243 1296 1289
f 1233 1253 1240
f 1285 1281 1253
f 1265 1279 1288
f 1278 1234 1277
f 1276 1277 1300
f 1281 1282 1240
f 1267 1260 1289
f 1280 1241 1282
f 1261 1264 1284
f 1272 1273 1250
f 1258 1273 1238
f 1255 1299 1283
f 1234 1283 1277
f 1283 1299 1277
f 1244 1238 1251
f 1252 1264 1244
f 1281 1285 1269
f 1265 1256 1255
f 1297 1303 1235
f 1248 1245 1244
f 1250 1249 1287
f 1252 1244 1251
f 1275 1286 1258
f 1259 1263 1261
f 1259 1303 1297
f 1283 1234 1265
f 1280 1269 1241
f 1262 1292 1291
f 1297 1235 1279
f 1285 1286 1269
f 1238 1271 1298
f 1260 1267 1259
f 1267 1235 1303
f 1233 1246 1253
f 1291 1292 1293
f 1295 1270 1246
f 1286 1275 1274
f 1260 1293 1289
f 1268 1267 1266
f 1234 1245 1279
f 1261 1293 1260
f 1243 1247 1296
f 1295 1250 1270
f 1234 1279 1265
f 1292 1254 1290
f 1242 1252 1298
f 1292 1237 1254
f 1251 1238 1298
f 1262 1242 1237
f 1264 1261 1263
f 1287 1285 1253

v 0.86000561714172 -0.93868207931519 7.62486076354980
v 0.20891796052456 -1.56394541263580 7.44943284988403
v 1.42737913131714 -2.05167961120605 6.81717634201050
v -6.52406835556030 -3.28459262847900 6.70884227752686
v -5.51714992523193 7.63637924194336 5.76825904846191
v -7.95690441131592 1.32238018512726 8.07921886444092
v -8.78828048706055 -0.80213880538940 6.98658323287964
v -7.16641616821289 -0.57478320598602 8.09114646911621
v 8.76443576812744 3.00848031044006 4.70687913894653
v -6.17069149017334 4.27464818954468 8.36672687530518
v -4.24486684799194 3.50217247009277 8.25427436828613
v -4.40205049514771 4.65509748458862 8.23458290100098
v -4.50200414657593 6.56080865859985 7.14386701583862
v -8.90525341033936 -1.76624596118927 6.57391500473022
v 1.53442203998566 10.05063533782959 2.46703362464905
v -4.53705072402954 7.45718145370483 5.93857479095459
v -8.76191997528076 2.13045930862427 7.45109128952026
v 9.22385978698730 4.40078496932983 3.70294737815857
v -5.07885408401489 5.29241800308228 7.30467891693115
v 7.53190994262695 4.48471355438232 5.35756778717041
v -7.94578647613525 3.63710069656372 7.59567928314209
v -4.59774780273438 3.09458732604980 7.80740642547607
v -4.92696809768677 2.59559392929077 8.37909889221191
v -1.63804817199707 5.56443643569946 7.47057819366455
v -8.87959003448486 0.50834262371063 6.36291933059692
v 5.43682432174683 7.13000631332397 4.74550867080688
v 4.78381824493408 5.97233724594116 5.74237251281738
v 6.01859569549561 5.97357320785522 5.46198034286499
v -4.69863080978394 1.97281515598297 6.99835443496704
v 4.12324094772339 -1.91880106925964 5.42800807952881
v 2.64907550811768 -2.11894392967224 6.00574827194214
v 2.03668832778931 4.99734592437744 7.10791301727295
v 1.12677896022797 5.26873922348022 7.02744150161743
v -0.13451674580574 3.57491254806519 8.12149333953857
v 0.95616531372070 3.90811371803284 7.65970945358276
v 4.65381622314453 4.89781427383423 5.62688446044922
v 1.34586489200592 8.89587593078613 3.42474174499512
v 2.12391614913940 3.43189668655396 6.79618883132935
v 4.88943719863892 1.28242254257202 5.87025594711304
v 2.97728991508484 3.46689653396606 7.08216047286987
v 2.73748159408569 2.64107894897461 6.53263282775879
v -7.90817165374756 2.18610048294067 7.38177919387817
v 3.91592216491699 2.99559617042542 6.79030847549438
v -6.35858869552612 4.75024557113647 8.11301136016846
v -7.54418563842773 -2.26195383071899 6.24663877487183
v -2.74167704582214 2.51978635787964 6.11353397369385
v -3.44058251380920 7.08621311187744 6.34821844100952
v -4.01207923889160 7.77154159545898 5.51945066452026
v -4.27024316787720 0.74477487802506 8.87734985351562
v -3.69787478446960 1.49465394020081 9.01333427429199
v -0.23979257047176 2.76608371734619 7.70104932785034
v 5.27591657638550 0.14267742633820 5.39423990249634
v 4.90185594558716 -0.66992259025574 4.36209583282471
v -8.57867908477783 -3.04532098770142 6.24145460128784
v -8.70775413513184 0.01153793185949 7.04270696640015
v -4.69320631027222 -0.22453381121159 8.24377441406250
v 5.59870624542236 3.18707489967346 6.50107192993164
v 4.83207845687866 2.22865891456604 6.50300407409668
v 2.53435301780701 -0.08393301814795 6.68365240097046
v -5.50091791152954 4.98660135269165 8.04007530212402
v -5.03153085708618 8.69731616973877 2.95009517669678
v -4.37717437744141 8.38107585906982 4.57838678359985
v -4.85626745223999 9.38108634948730 2.65261507034302
v -3.47213363647461 8.15273284912109 5.12748289108276
v -2.34837818145752 6.73541498184204 6.61058616638184
v -1.26475763320923 9.96595478057861 3.01161837577820
v -1.02522265911102 8.43320369720459 5.14620208740234
v -1.31249046325684 10.40582942962646 1.63042747974396
v -1.11357188224792 6.35911989212036 5.84186601638794
v -1.61726367473602 8.05700969696045 5.30735015869141
v 0.63674783706665 9.44442653656006 3.64400577545166
v -6.12471914291382 5.21849870681763 7.39021492004395
v 0.63312560319901 7.22260522842407 5.09151744842529
v -6.19767332077026 7.02042579650879 6.34425926208496
v -5.49009037017822 -0.92836397886276 8.20303440093994
v -5.11446380615234 6.55955743789673 7.00580692291260
v -4.35192346572876 7.51979970932007 5.42275476455688
v -5.20958518981934 8.18237876892090 4.95510292053223
v -8.21709346771240 5.33642530441284 5.70061540603638
v -0.61013358831406 3.47233223915100 7.82709741592407
v -8.08936309814453 -2.10388970375061 6.57447862625122
v -1.61670088768005 0.33435058593750 7.73319768905640
v 3.80198836326599 1.43510735034943 5.92027235031128
v 3.40222001075745 -2.29886293411255 5.04626417160034
v 3.48545432090759 2.20853996276855 5.76079225540161
v 2.11858677864075 2.50715446472168 6.03324079513550
v -7.51792192459106 -3.10229992866516 6.54102277755737
v 3.86496233940125 6.77195596694946 5.36754083633423
v -6.63749694824219 -2.50102114677429 6.66986656188965
v 1.58189761638641 7.24122190475464 5.71496534347534
v -2.33140587806702 0.76528608798981 8.84073734283447
v 4.84058284759521 -0.51854294538498 5.44048786163330
v -2.18772649765015 -0.71269404888153 8.44440174102783
v 6.28692722320557 4.68584871292114 5.93652009963989
v -3.59680533409119 -1.75498867034912 7.30654954910278
v -1.18795049190521 2.93240451812744 7.68802976608276
v -1.07572770118713 3.70964384078980 8.29149723052979
v -2.61921596527100 3.77079701423645 8.25075817108154
v -2.72283124923706 5.39141321182251 7.88927030563354
v 4.54959726333618 2.74297213554382 6.14073610305786
v -4.30695915222168 7.50541734695435 4.78691101074219
v 8.32266521453857 6.98008966445923 2.77829980850220
v 4.14346981048584 5.85697746276855 5.06228446960449
v 5.21521949768066 8.79409503936768 2.81830859184265
v -8.85369396209717 1.62251007556915 7.27509927749634
v 8.63009071350098 6.20144367218018 3.48321557044983
v 3.15147614479065 6.25835752487183 5.17020082473755
v 2.68764138221741 6.74905204772949 5.64466905593872
v 9.38074493408203 6.17802429199219 2.33671140670776
v 8.14557647705078 6.10007953643799 2.83641576766968
v -6.80028867721558 4.58509254455566 7.25691890716553
v 1.91863739490509 6.03248071670532 6.43044137954712
v -9.36881446838379 -0.60049611330032 6.54828310012817
v 2.89258360862732 7.76337385177612 4.92396116256714
v 1.82983684539795 3.07457375526428 7.12102890014648
v 6.21147537231445 8.60322093963623 2.52480053901672
v 0.29537218809128 5.72050237655640 6.97441339492798
v -8.54935741424561 5.17403316497803 6.29183149337769
v 4.56080389022827 -1.26192772388458 5.66043567657471
v 3.93986606597900 4.14021253585815 7.07659244537354
v -9.88370323181152 -0.43191239237785 6.27471923828125
v -8.56009483337402 6.47412014007568 4.08157587051392
v 8.32155323028564 2.55668258666992 5.23180723190308
v 2.47012186050415 10.06042289733887 2.17947745323181
v 8.25063800811768 1.90625095367432 3.75872325897217
v 3.44936060905457 -0.32761368155479 6.85080003738403
v 4.42622470855713 -0.26760324835777 6.22942781448364
v 2.12270712852478 2.34246778488159 7.31839275360107
v -7.65050983428955 6.48412799835205 5.90594768524170
v -6.98958635330200 7.01566743850708 4.82288742065430
v 5.16354131698608 7.88594150543213 3.08128857612610
v 1.79319775104523 -0.12245050072670 7.09620046615601
v -5.18272638320923 -1.91052389144897 7.47482633590698
v -3.88174223899841 -2.53801941871643 7.50102186203003
v 3.18309068679810 1.10183346271515 7.34070062637329
v 0.07192748039961 0.60288131237030 8.46852111816406
v -6.28739738464355 -1.47271680831909 7.98545026779175
v -7.33339452743530 -1.15267813205719 7.39059877395630
v -0.51611876487732 0.00155268143862 7.91638898849487
v 0.81734716892242 0.10666356235743 7.31959295272827
v -5.89153194427490 -0.30156305432320 8.38791847229004
v 2.36039137840271 -0.66106104850769 7.25052022933960
v -0.04935868456960 4.42202568054199 7.98772954940796
v 2.60137963294983 9.80349254608154 2.67906141281128
v -6.96106910705566 3.52078795433044 7.47777891159058
v -3.91383457183838 6.98894786834717 5.91389083862305
v 3.17954421043396 2.01748037338257 6.92988061904907
v 8.96688175201416 2.24395585060120 4.00471115112305
v 3.72364521026611 5.99372911453247 5.94565296173096
v -9.89138698577881 0.75514745712280 6.56697940826416
v -3.13122701644897 6.16531753540039 6.40083837509155
v -7.80558395385742 5.93228769302368 6.27048349380493
v -7.50860452651978 5.35116100311279 6.42500734329224
v -9.25193977355957 4.25638580322266 6.46167945861816
v -9.65931797027588 1.98990440368652 6.82655143737793
v -8.54497241973877 3.26190090179443 7.37869548797607
v -2.12696194648743 10.10076332092285 2.05050253868103
v -2.46625399589539 9.09747982025146 2.78952264785767
v -0.35155537724495 9.37226772308350 2.85080599784851
v -2.68723201751709 8.40525817871094 3.61136651039124
v -2.82986950874329 9.44362545013428 3.09063863754272
v 9.24022483825684 3.65948867797852 4.52357912063599
v -7.61485719680786 4.44801759719849 7.50890731811523
v -6.70196056365967 1.39785337448120 8.62917900085449
v -7.66225767135620 2.33319354057312 7.91325902938843
v -1.62934553623199 2.49759960174561 6.53743362426758
v -0.21955868601799 8.23986911773682 4.45194196701050
v -0.36774873733521 8.08469867706299 5.44183397293091
v -0.23774565756321 7.22903776168823 6.02601766586304
v 0.07486939430237 8.64766311645508 3.50253796577454
v 8.35756778717041 3.69535946846008 5.32741165161133
v -5.71884250640869 0.81040126085281 8.87265872955322
v -4.71520566940308 1.88486444950104 8.71535015106201
v -2.33065986633301 1.96099746227264 6.92205762863159
v -5.89147281646729 7.59302806854248 5.18803501129150
v -5.88782358169556 2.42662000656128 8.53992271423340
v 6.80112695693970 6.66715478897095 4.65916824340820
v -5.84638643264770 9.27261829376221 2.00480747222900
v -8.09517097473145 -3.98192167282104 5.83484649658203
v -3.29660320281982 8.87064456939697 3.86657071113586
v -2.88544702529907 3.13543391227722 7.88877820968628
v 2.90861749649048 8.80262947082520 3.94543313980103
v 3.95935821533203 7.84475803375244 4.77316904067993
v -2.87395858764648 2.14440870285034 8.87763786315918
v 4.21122360229492 8.84768676757812 3.60859298706055
v -3.35302591323853 3.79973983764648 8.42538261413574
v -2.86296010017395 0.18364226818085 8.29012966156006
v 1.60484433174133 7.65701532363892 5.03246545791626
v 9.79409217834473 3.96283531188965 3.39247107505798
v 7.51517868041992 6.33211040496826 4.31205606460571
v 7.10905313491821 5.24837875366211 5.31878376007080
v 8.53847980499268 4.97926807403564 4.69611549377441
v 7.61327028274536 3.04124402999878 5.72839164733887
v 6.51831388473511 3.71040964126587 5.96138381958008
v 6.89018964767456 2.62449979782104 5.56197547912598
v 8.39658451080322 5.15689325332642 2.72409558296204
v -7.46467161178589 1.49892961978912 7.93757104873657
v -5.30686187744141 -0.10698403418064 8.05764198303223
v -1.39181113243103 -0.38227698206902 8.29612922668457
v 0.33993446826935 -0.47872778773308 8.04381656646729
v -3.91449713706970 -0.74127477407455 8.25990200042725
v -7.47626018524170 1.40713083744049 8.07921886444092
v -7.81505060195923 0.44978833198547 7.75827884674072
v -6.68577194213867 -0.49003252387047 8.09114646911621
v -7.78117847442627 8.15357685089111 1.82557559013367
v -7.48900365829468 7.91184759140015 2.84281539916992
v -6.17069149017334 4.27464818954468 8.36672687530518
v -7.97028636932373 -1.60138595104218 6.57391500473022
v -6.35858869552612 4.75024557113647 8.11301040649414
v -7.64371204376221 -2.88046073913574 6.24145460128784
v -8.39479541778564 -2.17680287361145 5.88131093978882
v -7.07477188110352 8.40209484100342 2.87078738212585
v -6.19767332077026 7.02042579650879 6.34425878524780
v -6.61713552474976 6.02331876754761 7.20817518234253
v -5.11446380615234 6.55955743789673 7.00580692291260
v -8.73813056945801 7.76454544067383 1.13652372360229
v -9.52277088165283 6.58457183837891 0.76089984178543
v -8.89421367645264 6.71597146987915 1.99164366722107
v -9.70844841003418 4.44704675674438 4.35326766967773
v -8.79724311828613 2.05573868751526 5.97891950607300
v -6.73106098175049 4.04971218109131 8.12389469146729
v -6.80028867721558 4.58509254455566 7.25691890716553
v -8.06871414184570 5.25878381729126 6.29183149337769
v -6.98958635330200 7.01566743850708 4.82288742065430
v -6.28739738464355 -1.47271668910980 7.98545026779175
v -5.89153194427490 -0.30156296491623 8.38791847229004
v -8.68262672424316 3.23369312286377 6.40058755874634
v -8.76930427551270 1.02709853649139 7.35750293731689
v -8.77129554748535 4.34113645553589 6.46167945861816
v -8.06432819366455 3.34665155410767 7.37869501113892
v -9.76686477661133 2.11304426193237 5.57203578948975
v -7.61485719680786 4.44801759719849 7.50890731811523
v -6.70196056365967 1.39785349369049 8.62917900085449
v -7.18161392211914 2.41794419288635 7.91325902938843
v -5.71884250640869 0.81040138006210 8.87265872955322
v -5.88782358169556 2.42662024497986 8.53992271423340
v -7.72755861282349 7.43284988403320 3.61235141754150
v -6.13173294067383 8.11010742187500 4.80991506576538
v -9.73232173919678 5.09855556488037 2.78809571266174
v -8.72972965240479 5.19104290008545 3.36005163192749
# 240 vertices

o Few_particles
usemtl default
f 1422 1430 1429
f 1504 1359 1378
f 1410 1417 1411
f 1506 1505 1531
f 1387 1333 1334
f 1494 1480 1331
f 1412 1405 1413
f 1460 1369 1371
f 1501 1444 1378
f 1449 1351 1319
f 1361 1360 1403
f 1471 1470 1370
f 1502 1385 1396
f 1443 1439 1442
f 1368 1350 1454
f 1524 1510 1512
f 1393 1491 1376
f 1530 1534 1523
f 1437 1398 1436
f 1326 1332 1325
f 1539 1536 1538
f 1420 1446 1338
f 1346 1423 1343
f 1391 1329 1486
f 1352 1394 1353
f 1427 1318 1447
f 1496 1498 1426
f 1339 1330 1406
f 1431 1438 1450
f 1522 1543 1542
f 1508 1509 1515
f 1464 1483 1463
f 1373 1372 1472
f 1323 1397 1497
f 1364 1366 1481
f 1477 1469 1349
f 1419 1407 1434
f 1476 1332 1326
f 1514 1513 1511
f 1435 1445 1362
f 1462 1473 1374
f 1380 1381 1478
f 1484 1401 1489
f 1379 1308 1377
f 1306 1304 1305
f 1479 1467 1475
f 1386 1342 1361
f 1312 1428 1451
f 1400 1399 1383
f 1315 1313 1314
f 1535 1532 1533
f 1344 1341 1389
f 1499 1321 1492
f 1321 1465 1492
f 1519 1520 1521
f 1541 1540 1527
f 1375 1363 1322
f 1356 1355 1395
f 1488 1485 1486

v -6.68577146530151 -0.49003270268440 8.09114742279053
v -6.35858869552612 4.75024557113647 8.11301136016846
v -6.73106098175049 4.04971170425415 8.12389564514160
v -6.80028867721558 4.58509206771851 7.25691938400269
v -8.06871318817139 5.25878381729126 6.29183197021484
v -6.28739690780640 -1.47271680831909 7.98545074462891
v -5.89153146743774 -0.30156314373016 8.38791847229004
v -8.77129554748535 4.34113645553589 6.46168041229248
v -7.61485671997070 4.44801759719849 7.50890779495239
v -6.70196008682251 1.39785325527191 8.62917900085449
v -7.18161344528198 2.41794395446777 7.91325950622559
v -5.88782310485840 2.42662000656128 8.53992271423340
v 0.86000561714172 -0.93868201971054 7.62486076354980
v -5.51714992523193 7.63637924194336 5.76825904846191
v -7.95690441131592 1.32238018512726 8.07921886444092
v -8.78828048706055 -0.80213880538940 6.98658323287964
v -4.50200414657593 6.56080865859985 7.14386653900146
v 7.53190994262695 4.48471355438232 5.35756778717041
v -7.94578647613525 3.63710069656372 7.59567928314209
v -4.92696809768677 2.59559392929077 8.37909889221191
v -1.63804817199707 5.56443643569946 7.47057771682739
v -4.69863080978394 1.97281515598297 6.99835443496704
v 2.03668832778931 4.99734592437744 7.10791301727295
v 1.12677896022797 5.26873922348022 7.02744150161743
v -0.13451676070690 3.57491254806519 8.12149333953857
v 1.34586489200592 8.89587593078613 3.42474150657654
v 2.12391614913940 3.43189668655396 6.79618883132935
v -7.90817165374756 2.18610048294067 7.38177919387817
v -6.35858869552612 4.75024557113647 8.11301136016846
v -7.54418563842773 -2.26195383071899 6.24663877487183
v -3.69787478446960 1.49465394020081 9.01333427429199
v -0.23979257047176 2.76608371734619 7.70104932785034
v -8.70775413513184 0.01153795979917 7.04270696640015
v 4.83207845687866 2.22865891456604 6.50300407409668
v -5.50091791152954 4.98660135269165 8.04007434844971
v -4.37717437744141 8.38107585906982 4.57838678359985
v -3.47213363647461 8.15273284912109 5.12748241424561
v -2.34837818145752 6.73541498184204 6.61058616638184
v 0.63674783706665 9.44442653656006 3.64400577545166
v -6.12471914291382 5.21849870681763 7.39021492004395
v -5.11446380615234 6.55955743789673 7.00580692291260
v -0.61013358831406 3.47233223915100 7.82709741592407
v -1.61670088768005 0.33435061573982 7.73319721221924
v 3.80198836326599 1.43510735034943 5.92027235031128
v 3.48545432090759 2.20853996276855 5.76079225540161
v 2.11858677864075 2.50715446472168 6.03324079513550
v -7.51792192459106 -3.10229992866516 6.54102230072021
v -6.63749694824219 -2.50102114677429 6.66986656188965
v -2.33140587806702 0.76528614759445 8.84073734283447
v -2.18772649765015 -0.71269398927689 8.44440174102783
v 6.28692722320557 4.68584871292114 5.93652009963989
v -2.72283124923706 5.39141321182251 7.88927030563354
v -4.30695915222168 7.50541734695435 4.78691053390503
v 4.14346981048584 5.85697746276855 5.06228446960449
v 8.63009071350098 6.20144367218018 3.48321557044983
v 3.15147614479065 6.25835752487183 5.17020082473755
v 1.91863739490509 6.03248071670532 6.43044137954712
v -9.36881446838379 -0.60049611330032 6.54828310012817
v 2.89258360862732 7.76337385177612 4.92396116256714
v 1.82983684539795 3.07457375526428 7.12102890014648
v 8.32155323028564 2.55668258666992 5.23180723190308
v 0.81734710931778 0.10666358470917 7.31959295272827
v -6.96106910705566 3.52078795433044 7.47777891159058
v 3.72364521026611 5.99372959136963 5.94565248489380
v -2.46625399589539 9.09747982025146 2.78952240943909
v -2.68723201751709 8.40525817871094 3.61136651039124
v -2.82986950874329 9.44362545013428 3.09063863754272
v -7.61485719680786 4.44801759719849 7.50890731811523
v 0.07486938685179 8.64766311645508 3.50253772735596
v 8.35756778717041 3.69535946846008 5.32741117477417
v -4.71520566940308 1.88486456871033 8.71535015106201
v 2.90861749649048 8.80262947082520 3.94543313980103
v 3.95935821533203 7.84475803375244 4.77316904067993
v -2.87395858764648 2.14440870285034 8.87763786315918
v -2.86296010017395 0.18364231288433 8.29012966156006
v 7.51517868041992 6.33211040496826 4.31205606460571
v 7.10905313491821 5.24837875366211 5.31878376007080
v 8.53847980499268 4.97926807403564 4.69611549377441
v 7.61327028274536 3.04124402999878 5.72839164733887
v -7.46467161178589 1.49892973899841 7.93757104873657
v 0.33993446826935 -0.47872775793076 8.04381656646729
# 81 vertices

o Few_particles_1
usemtl default
f 1554 1553 1555
f 1547 1546 1545
f 1548 1551 1552
f 1549 1550 1544
f 1613 1622 1604
f 1600 1567 1566
f 1568 1585 1575
f 1610 1609 1608
f 1614 1565 1563
f 1583 1572 1578
f 1594 1561 1620
f 1605 1624 1556
f 1586 1618 1593
f 1598 1619 1621
f 1569 1582 1612
f 1587 1577 1588
f 1557 1584 1560
f 1581 1595 1564
f 1603 1589 1570
f 1574 1592 1617
f 1599 1607 1597
f 1602 1616 1615
f 1579 1596 1580

v 0.86000561714172 -0.93868196010590 7.62486076354980
v 0.20891793072224 -1.56394529342651 7.44943284988403
v 1.42737913131714 -2.05167937278748 6.81717634201050
v -6.52406835556030 -3.28459239006042 6.70884227752686
v -4.51238918304443 -2.79954719543457 7.61852598190308
v -3.46039605140686 5.43404817581177 7.79401445388794
v -5.36076927185059 -2.38075256347656 7.54344224929810
v -9.63813972473145 -0.58041566610336 4.63319158554077
v -9.08645915985107 -0.96587753295898 5.59561538696289
v -7.47626018524170 1.40713071823120 8.07921886444092
v -7.81505060195923 0.44978830218315 7.75827884674072
v -7.85331249237061 -0.63727873563766 6.98658275604248
v -6.68577194213867 -0.49003255367279 8.09114646911621
v 8.76443576812744 3.00848031044006 4.70687913894653
v -7.78117847442627 8.15357685089111 1.82557559013367
v -6.17069149017334 4.27464818954468 8.36672687530518
v -4.24486684799194 3.50217270851135 8.25427436828613
v 1.09101986885071 10.56697654724121 0.65430164337158
v -4.50200462341309 6.56080913543701 7.14386653900146
v -7.97028636932373 -1.60138595104218 6.57391500473022
v 1.53442203998566 10.05063533782959 2.46703362464905
v -4.53705072402954 7.45718145370483 5.93857479095459
v -10.31158542633057 2.04709553718567 4.53317165374756
v -8.28127574920654 2.21520996093750 7.45109128952026
v 2.71403741836548 10.30709362030029 1.31264531612396
v 9.22385978698730 4.40078496932983 3.70294713973999
v -5.07885408401489 5.29241847991943 7.30467844009399
v -6.68451261520386 -2.18020343780518 7.51791810989380
v 5.16261863708496 8.16867923736572 4.19056844711304
v -1.29861533641815 10.55739784240723 0.98307824134827
v -7.46514225006104 3.72185111045837 7.59567928314209
v -4.59774780273438 3.09458756446838 7.80740642547607
v -4.92696809768677 2.59559416770935 8.37909793853760
v 5.43682432174683 7.13000631332397 4.74550819396973
v 4.78381824493408 5.97233772277832 5.74237251281738
v 6.01859569549561 5.97357320785522 5.46197986602783
v -1.94577813148499 2.72563195228577 7.01318550109863
v -3.95187807083130 -3.23032784461975 5.56656169891357
v 4.12324094772339 -1.91880106925964 5.42800760269165
v 3.41661047935486 -1.38459849357605 6.20169591903687
v 2.64907550811768 -2.11894392967224 6.00574827194214
v -0.13451677560806 3.57491254806519 8.12149333953857
v -10.11890983581543 4.20778465270996 2.66211986541748
v -10.12771797180176 -1.17356348037720 3.34689950942993
v -9.77339553833008 -1.85046780109406 2.88583540916443
v -9.43360042572021 -2.07095670700073 4.15448713302612
v 0.95616525411606 3.90811371803284 7.65970897674561
v -10.79856395721436 -0.29047968983650 0.55347973108292
v -11.19885826110840 1.14602959156036 1.46160399913788
v -10.80520439147949 0.84347850084305 0.31957584619522
v 4.65381622314453 4.89781427383423 5.62688446044922
v 2.97728967666626 3.46689653396606 7.08216047286987
v 2.73748159408569 2.64107894897461 6.53263235092163
v 10.26526832580566 3.27459859848022 1.55194687843323
v -7.42752742767334 2.27085113525391 7.38177919387817
v 3.91592216491699 2.99559640884399 6.79030847549438
v -8.79724979400635 -2.58050894737244 4.48163080215454
v -11.15633010864258 3.07087731361389 0.80969202518463
v 9.65341472625732 2.70187401771545 3.93446302413940
v -10.77573585510254 0.21887445449829 1.94885182380676
v 2.04298806190491 -3.26906657218933 3.97041630744934
v -10.79130172729492 -1.28759908676147 0.71772366762161
v -9.79449462890625 3.58439970016479 4.25133991241455
v -9.33379459381104 4.22909784317017 5.32305955886841
v 2.08816456794739 -2.13356304168701 5.44207239151001
v -7.06354141235352 -2.17720317840576 6.24663829803467
v -7.83970022201538 -3.55623340606689 4.95879888534546
v -9.35357189178467 -3.24345779418945 0.09500715136528
v -2.49650478363037 -2.25307846069336 7.78606939315796
v -3.44058275222778 7.08621311187744 6.34821844100952
v -4.01207923889160 7.77154159545898 5.51945066452026
v -4.27024316787720 0.74477493762970 8.87734985351562
v 6.75147438049316 2.03442764282227 5.93157577514648
v -7.64371204376221 -2.88046073913574 6.24145460128784
v -8.22710990905762 0.09628853946924 7.04270696640015
v -9.15519237518311 -1.76462602615356 4.91714715957642
v -4.69320678710938 -0.22453372180462 8.24377441406250
v 5.59870624542236 3.18707489967346 6.50107192993164
v -8.39479541778564 -2.17680287361145 5.88131093978882
v 0.79905098676682 -2.20335173606873 6.68994045257568
v 2.53435301780701 -0.08393295109272 6.68365240097046
v -0.03783372417092 -1.64865207672119 6.86582469940186
v 4.77779102325439 9.85533046722412 0.92097675800323
v -1.06703042984009 -2.40574026107788 7.40490102767944
v 2.75014138221741 -3.04980778694153 4.55346012115479
v 1.61296892166138 -2.80194616317749 5.96778011322021
v 1.04689311981201 -3.19077944755554 5.69858455657959
v -3.47213363647461 8.15273284912109 5.12748241424561
v -8.74561691284180 5.21731519699097 4.73297166824341
v -2.20170021057129 -1.61356663703918 7.57124519348145
v -1.26475763320923 9.96595573425293 3.01161813735962
v -1.02522265911102 8.43320369720459 5.14620208740234
v -0.54170989990234 9.42578887939453 3.66886997222900
v -1.31249046325684 10.40582942962646 1.63042736053467
v -0.42087501287460 -1.21894240379333 8.07062530517578
v 0.20584222674370 9.60990810394287 2.16807770729065
v -0.06011981889606 10.64046192169189 1.02843797206879
v -9.90051364898682 4.06594848632812 2.70701193809509
v -2.26542901992798 7.70119953155518 4.66415023803711
v 0.38704863190651 7.40828323364258 5.72521352767944
v -1.11357188224792 6.35911989212036 5.84186601638794
v -1.61726367473602 8.05700969696045 5.30735015869141
v -11.12118721008301 2.70302724838257 1.54404401779175
v -6.12471914291382 5.21849870681763 7.39021492004395
v -10.79599666595459 2.52551507949829 1.74463605880737
v -6.72936677932739 2.85736775398254 8.18011474609375
v -5.49009037017822 -0.92836385965347 8.20303440093994
v -6.61713552474976 6.02331829071045 7.20817518234253
v -5.11446380615234 6.55955743789673 7.00580692291260
v 0.15387362241745 -3.19460082054138 5.53875684738159
v -7.60871934890747 -2.01913905143738 6.57447862625122
v -6.75495290756226 8.27623367309570 3.86965537071228
v -8.73813056945801 7.76454544067383 1.13652384281158
v -1.33575737476349 -2.16154599189758 5.43478918075562
v -11.00928974151611 1.46036040782928 2.39862394332886
v 3.59200334548950 -2.63699626922607 4.16617202758789
v -9.70844841003418 4.44704675674438 4.35326766967773
v 3.40222001075745 -2.29886293411255 5.04626417160034
v -6.44421148300171 -2.62483143806458 6.54102230072021
v -6.63749694824219 -2.50102090835571 6.66986608505249
v -9.21364498138428 -3.68257379531860 2.90367913246155
v -2.33140587806702 0.76528620719910 8.84073734283447
v -8.68901252746582 -3.03657603263855 5.05254268646240
v -10.75239562988281 2.35675835609436 2.85421586036682
v -2.18772649765015 -0.71269392967224 8.44440174102783
v 6.28692722320557 4.68584871292114 5.93652009963989
v 4.97817611694336 0.58911556005478 1.99353587627411
v -5.66309833526611 8.97305107116699 3.18882322311401
v -1.18795061111450 2.93240475654602 7.68802928924561
v -1.07572770118713 3.70964384078980 8.29149723052979
v -2.61921596527100 3.77079701423645 8.25075817108154
v -2.93198966979980 4.26168632507324 8.20945358276367
v -2.72283124923706 5.39141321182251 7.88927030563354
v 9.88734436035156 2.83669209480286 0.35843890905380
v -10.78107166290283 -0.92476254701614 1.81253170967102
v -10.78437805175781 -0.14491167664528 2.75107574462891
v -8.92836093902588 -2.34051394462585 3.46055102348328
v -3.26690626144409 9.97438240051270 1.99643063545227
v 8.32266521453857 6.98008966445923 2.77829957008362
v 7.01258516311646 8.30634975433350 1.75094401836395
v 7.31448841094971 7.00015830993652 3.74271583557129
v 3.97780013084412 8.76997280120850 3.08316087722778
v 4.14346981048584 5.85697793960571 5.06228446960449
v -9.96587276458740 -0.03164734318852 4.35530757904053
v 4.50762271881104 8.16142749786377 3.03166866302490
v 5.21521949768066 8.79409503936768 2.81830859184265
v -9.43823146820068 0.25050958991051 5.75973939895630
v -8.37304973602295 1.70726072788239 7.27509927749634
v 9.87639522552490 3.96432209014893 1.18942701816559
v 3.09715628623962 6.21536779403687 6.13588857650757
v 2.30785560607910 -1.93187415599823 6.82761621475220
v 9.38074493408203 6.17802429199219 2.33671140670776
v 2.65961122512817 -1.25199151039124 7.07112026214600
v -6.80028867721558 4.58509254455566 7.25691890716553
v 10.22594928741455 4.63271570205688 1.96118295192718
v -8.43384742736816 -0.43563604354858 6.54828310012817
v 0.94635760784149 3.10994052886963 7.82468509674072
v -3.74844956398010 2.57121133804321 8.52831840515137
v -1.64900577068329 2.44704937934875 8.75698947906494
v -2.69331693649292 2.83526873588562 7.53333806991577
v -4.14463758468628 2.46956181526184 7.23890638351440
v 6.21147537231445 8.60322093963623 2.52480030059814
v 4.55777454376221 9.44319629669189 1.09417271614075
v 5.75724124908447 9.37635421752930 1.55214047431946
v -10.32068729400635 0.21256308257580 -0.07966429740191
v 3.15108799934387 9.85869884490967 1.23415315151215
v 0.29537218809128 5.72050237655640 6.97441339492798
v -3.76733112335205 -3.05606222152710 6.62518978118896
v -4.84651660919189 -3.45342564582825 6.73421001434326
v -2.38618946075439 -2.94726061820984 7.17282104492188
v 1.01360487937927 -2.65764045715332 6.37982463836670
v -7.54606485366821 5.61578416824341 7.00497913360596
v 4.56080389022827 -1.26192772388458 5.66043567657471
v 3.93986606597900 4.14021253585815 7.07659244537354
v -8.94873619079590 -0.26705232262611 6.27471923828125
v -7.46124505996704 -3.10412573814392 5.72833442687988
v 7.14337682723999 1.87267553806305 4.74757146835327
v 3.44936060905457 -0.32761359214783 6.85080003738403
v 2.12270712852478 2.34246802330017 7.31839275360107
v 0.35891723632812 2.45728540420532 6.84109306335449
v 0.43662178516388 2.13808917999268 7.71997308731079
v -7.53864812850952 6.50385189056396 5.90594720840454
v -1.17270088195801 -1.86636745929718 7.73658084869385
v -6.98958635330200 7.01566743850708 4.82288742065430
v -8.58052539825439 5.44467687606812 5.08472776412964
v -0.08695086091757 1.96416544914246 8.02084922790527
v 5.03814792633057 -1.32767248153687 4.58384370803833
v -0.97133010625839 2.54759430885315 7.22047328948975
v 9.72460460662842 5.78296899795532 1.39984726905823
v -10.34222507476807 2.65953946113586 3.88866376876831
v -5.18272638320923 -1.91052389144897 7.47482585906982
v -3.88174223899841 -2.53801941871643 7.50102186203003
v 8.87506198883057 7.09696388244629 1.68892753124237
v 8.52939987182617 7.08636331558228 1.02935957908630
v 2.33536434173584 0.17828461527824 7.55332851409912
v -4.09477853775024 -1.55380022525787 7.94958162307739
v 3.18309068679810 1.10183358192444 7.34070014953613
v 0.70242977142334 0.75390136241913 8.14623641967773
v 0.07192745804787 0.60288137197495 8.46852111816406
v -6.28739738464355 -1.47271668910980 7.98545026779175
v -9.48050117492676 6.08252859115601 2.23487186431885
v 0.81734710931778 0.10666362941265 7.31959295272827
v 3.31266570091248 0.55369865894318 7.02207612991333
v 1.92629206180573 -2.39779019355774 6.20294427871704
v -0.04935871064663 4.42202568054199 7.98772954940796
v -10.16483497619629 5.51000118255615 0.44087201356888
v 2.60137963294983 9.80349254608154 2.67906117439270
v -4.13345098495483 2.16590738296509 6.24769401550293
v -8.76930427551270 1.02709853649139 7.35750341415405
v -3.90832495689392 5.08882141113281 8.14986228942871
v -10.54572677612305 2.06321477890015 0.50292378664017
v -6.96106910705566 3.52078795433044 7.47777891159058
v 4.09060192108154 9.83721065521240 2.03127694129944
v -8.20357894897461 6.38709449768066 3.53467535972595
v -2.68543934822083 10.51026153564453 1.20536649227142
v -8.17100334167480 7.15064334869385 2.76805567741394
v -10.54729366302490 1.29175972938538 2.85777974128723
v 3.17954421043396 2.01748061180115 6.92988061904907
v -10.32455444335938 2.23950290679932 3.22793173789978
v 8.96688175201416 2.24395585060120 4.00471115112305
v -10.17935371398926 -0.09319687634706 3.68093156814575
v 9.36485862731934 5.19083595275879 3.57730722427368
v 3.72364521026611 5.99372959136963 5.94565248489380
v -8.95641899108887 0.92000752687454 6.56697940826416
v 4.75476598739624 1.02711713314056 6.31231212615967
v 2.47181844711304 4.81518602371216 6.91990900039673
v -7.80558395385742 5.93228769302368 6.27048349380493
v -8.72435092926025 2.15476441383362 6.82655143737793
v -8.06432819366455 3.34665155410767 7.37869501113892
v -7.22772169113159 5.17181491851807 7.41919517517090
v -5.38194942474365 5.91410303115845 7.45646667480469
v 0.23817391693592 8.81462478637695 4.45828962326050
v 1.22049903869629 7.88486814498901 5.17761754989624
v -2.82986950874329 9.44362545013428 3.09063839912415
v 9.24022483825684 3.65948867797852 4.52357912063599
v 8.03875064849854 1.47747337818146 1.97549927234650
v -7.61485719680786 4.44801759719849 7.50890731811523
v -6.70196056365967 1.39785349369049 8.62917900085449
v -7.18161392211914 2.41794419288635 7.91325902938843
v 6.65834569931030 0.54868787527084 1.29227948188782
v -0.36774876713753 8.08469867706299 5.44183397293091
v -0.23774567246437 7.22903776168823 6.02601766586304
v 0.07486937940121 8.64766311645508 3.50253772735596
v -4.31391668319702 9.15938091278076 3.63077092170715
v -0.54047518968582 5.96262979507446 6.86731386184692
v -1.12351882457733 4.50242519378662 8.05707740783691
v -2.27048659324646 -2.71813988685608 4.80512523651123
v -3.72955918312073 6.49125385284424 6.88853025436401
v -8.91772079467773 1.74907076358795 6.43631124496460
v -5.71884250640869 0.81040132045746 8.87265872955322
v 9.45386505126953 1.81563079357147 2.43147492408752
v -4.71520566940308 1.88486456871033 8.71535015106201
v -0.87863326072693 -2.87871479988098 6.63466882705688
v -9.74744796752930 2.67559456825256 4.31090784072876
v -9.86905860900879 -2.64150619506836 1.10919928550720
v -9.16452407836914 -3.55682682991028 0.80701506137848
v -10.49659919738770 -2.13548183441162 1.31642746925354
v -10.11153697967529 -2.57235383987427 2.17769145965576
v -10.53104686737061 -1.05700755119324 2.64829564094543
v -5.88782358169556 2.42662024497986 8.53992271423340
v -1.59726643562317 8.77258586883545 4.37017393112183
v -2.02410578727722 9.33092403411865 3.55272221565247
v -7.72755861282349 7.43284988403320 3.61235165596008
v -6.13173294067383 8.11010742187500 4.80991506576538
v 6.80112695693970 6.66715478897095 4.65916776657104
v -5.84638643264770 9.27261829376221 2.00480723381042
v -4.44746446609497 9.71932983398438 1.83795893192291
v -4.77040386199951 10.13069725036621 0.79335898160934
v -7.08467245101929 9.23608970642090 0.73772746324539
v -7.28184318542480 8.78535938262939 0.38640347123146
v -0.22505308687687 1.34537541866302 8.42408561706543
v -2.88544702529907 3.13543391227722 7.88877773284912
v 2.90861749649048 8.80263042449951 3.94543313980103
v 3.95935821533203 7.84475803375244 4.77316856384277
v -2.57304120063782 3.23243641853333 7.20444202423096
v -2.02547025680542 1.61187291145325 8.94196987152100
v -2.87395858764648 2.14440894126892 8.87763786315918
v 5.74141454696655 -0.04962109029293 0.01331498939544
v 8.39020061492920 1.62350237369537 2.52917909622192
v 6.39164686203003 1.91860914230347 3.12111568450928
v 2.81911730766296 -3.07908678054810 2.80403995513916
v 5.88014268875122 1.19738495349884 5.02780771255493
v 6.76507616043091 1.50802898406982 2.30666351318359
v 4.58097600936890 0.60256528854370 3.16977596282959
v -4.18384838104248 2.67051386833191 6.83651018142700
v -6.94227409362793 9.04101371765137 0.06277541071177
v -2.86296010017395 0.18364235758781 8.29012966156006
v -9.73232173919678 5.09855556488037 2.78809571266174
v 7.51517868041992 6.33211040496826 4.31205558776855
v 7.10905265808105 5.24837923049927 5.31878376007080
v -2.27976632118225 -2.27126622200012 5.34207725524902
v 8.53847980499268 4.97926807403564 4.69611549377441
v 6.51831388473511 3.71040964126587 5.96138381958008
v 6.89018964767456 2.62449979782104 5.56197547912598
v -2.51214456558228 10.56728458404541 0.27288252115250
v -5.30686187744141 -0.10698395222425 8.05764198303223
v -2.38785600662231 -3.03207039833069 6.29608917236328
v -6.32604265213013 0.67524898052216 8.49241447448730
v -1.39181113243103 -0.38227689266205 8.29612922668457
v -3.91449713706970 -0.74127471446991 8.25990200042725
v -9.54714012145996 0.97956681251526 6.13645553588867
# 301 vertices

o More_Particles
usemtl default
f 1721 1718 1720
f 1732 1796 1854
f 1783 1901 1900
f 1759 1686 1881
f 1797 1663 1811
f 1845 1760 1668
f 1882 1669 1883
f 1894 1893 1910
f 1757 1756 1754
f 1765 1763 1764
f 1732 1855 1733
f 1770 1766 1769
f 1756 1630 1834
f 1775 1627 1795
f 1710 1689 1828
f 1863 1884 1730
f 1805 1803 1804
f 1731 1701 1920
f 1764 1817 1818
f 1800 1743 1690
f 1898 1658 1653
f 1857 1897 1856
f 1734 1711 1877
f 1874 1862 1922
f 1745 1681 1761
f 1895 1823 1822
f 1644 1780 1703
f 1689 1742 1665
f 1821 1819 1827
f 1870 1791 1869
f 1788 1786 1764
f 1892 1890 1891
f 1660 1889 1658
f 1803 1895 1821
f 1879 1692 1880
f 1780 1636 1699
f 1840 1639 1737
f 1725 1869 1866
f 1916 1913 1914
f 1657 1656 1640
f 1695 1694 1712
f 1693 1816 1794
f 1702 1697 1917
f 1871 1738 1915
f 1647 1768 1771
f 1787 1707 1790
f 1704 1795 1627
f 1777 1775 1664
f 1925 1799 1848
f 1782 1784 1785
f 1812 1783 1810
f 1830 1667 1825
f 1776 1779 1813
f 1837 1831 1770
f 1754 1829 1870
f 1861 1836 1778
f 1626 1706 1627
f 1784 1832 1785
f 1886 1885 1715
f 1807 1626 1719
f 1909 1641 1656
f 1908 1904 1906
f 1826 1819 1822
f 1912 1840 1825
f 1860 1904 1907
f 1859 1638 1683
f 1626 1625 1719
f 1709 1711 1685
f 1696 1911 1746
f 1912 1722 1741
f 1631 1628 1629
f 1650 1846 1916
f 1808 1887 1838
f 1637 1634 1635
f 1833 1852 1873
f 1861 1853 1655
f 1774 1850 1798
f 1666 1781 1671
f 1728 1651 1855
f 1709 1905 1740
f 1649 1642 1645
f 1794 1662 1921
f 1858 1762 1868
f 1839 1654 1919
f 1866 1724 1865
f 1708 1714 1693
f 1814 1878 1687
f 1805 1810 1895
f 1698 1747 1691
f 1632 1700 1633
f 1835 1727 1682
f 1697 1801 1918
f 1723 1726 1885
f 1717 1716 1867
f 1843 1647 1814
f 1806 1809 1851
f 1643 1872 1646
f 1719 1923 1749
f 1793 1792 1629
f 1815 1629 1816
f 1659 1675 1750
f 1875 1844 1903
f 1824 1820 1731
f 1670 1668 1669
f 1821 1849 1842
f 1847 1675 1767
f 1680 1676 1677
f 1748 1729 1739
f 1758 1773 1678
f 1802 1827 1705
f 1853 1648 1679
f 1652 1735 1744
f 1674 1789 1672
f 1797 1802 1664
f 1688 1713 1741
f 1820 1749 1924
f 1661 1753 1755
f 1864 1751 1902
f 1752 1736 1888
f 1679 1772 1634
f 1673 1684 1841
f 1755 1896 1899
f 1696 1876 1874

